Filename,Subsidiary,Location of Incorporation,Ownership Percentage
38079-0001558370-16-004332,Sabine Oil & Gas Finance Corporation,,
38079-0001558370-16-004332,Sabine South Texas LLC,,
38079-0001558370-16-004332,Sabine South Texas Gathering LLC,,
38079-0001558370-16-004332,Sabine East Texas Basin LLC,,
38079-0001558370-16-004332,Sabine Mid-Continent LLC,,
38079-0001558370-16-004332,Giant Gas Gathering LLC,,
38079-0001558370-16-004332,Sabine Mid-Continent Gathering LLC,,
38079-0001558370-16-004332,Sabine Williston Basin LLC,,
38079-0001558370-16-004332,Sabine Bear Paw Basin LLC,,
38079-0001558370-16-004332,"Sabine NY Merger Subsidiary, Inc.",,
38079-0001558370-16-004332,Sabine Oil & Gas Corporation,,
38079-0001558370-16-004332,Lantern Drilling Company,,
38079-0001558370-16-004332,New Forest Oil Inc.,,
38079-0001558370-16-004332,Forest Oil Merger Sub Inc.,,
38079-0001558370-16-004332,Forest Texas Gathering Company,,
59527-0000059527-20-000007,"16280 23 Mile, LLC",United States,
59527-0000059527-20-000007,A. B. Arriendos S.A.,Chile,
59527-0000059527-20-000007,"Arc Products, Inc.",United States,
59527-0000059527-20-000007,"Baker Industries, Inc.",United States,
59527-0000059527-20-000007,"CMC North Second Street, LLC",United States,
59527-0000059527-20-000007,"Coldwater Machine Company, LLC",United States,
59527-0000059527-20-000007,Comptoir Lyonnais de Soudage,France,
59527-0000059527-20-000007,Ductil SA,Romania,
59527-0000059527-20-000007,"Easom Automation Systems, Inc.",United States,
59527-0000059527-20-000007,Europaische Holding Intercito GmbH,Switzerland,
59527-0000059527-20-000007,"Hangzhou SAF Oerlikon Welding & Cutting Co., LTD. (China)",China,
59527-0000059527-20-000007,Harris Calorific GmbH,Germany,
59527-0000059527-20-000007,Harris Calorific International Sp. z o.o.,Poland,
59527-0000059527-20-000007,"Harris Euro, S.L.U.",Spain,
59527-0000059527-20-000007,Harris-Euro Corp.,United States,
59527-0000059527-20-000007,Inversiones LyL S.A.,Chile,
59527-0000059527-20-000007,ISAF Drahtwerk GMBH,Germany,
59527-0000059527-20-000007,"J.W. Harris Co., Inc.",United States,
59527-0000059527-20-000007,"Jinzhou Zheng Tai Welding and Metal Co., Ltd.",China,
59527-0000059527-20-000007,"Kaliburn, Inc.",United States,
59527-0000059527-20-000007,Kaynak Teknigi Sanayi ve Ticaret A.S.,Turkey,
59527-0000059527-20-000007,"LE Torreon BCS, S. de R.L. de C.V.",Mexico,
59527-0000059527-20-000007,Lincoln Canada Finance ULC,Canada,
59527-0000059527-20-000007,Lincoln Canada Holdings ULC,Canada,
59527-0000059527-20-000007,Lincoln Electric Bester Sp. z o.o.,Poland,
59527-0000059527-20-000007,Lincoln Electric Company (India) Private Limited,India,
59527-0000059527-20-000007,Lincoln Electric Company of Canada GP 2 Limited,Canada,
59527-0000059527-20-000007,Lincoln Electric Company of Canada LP,Canada,
59527-0000059527-20-000007,"Lincoln Electric Cutting Systems, Inc.",United States,
59527-0000059527-20-000007,Lincoln Electric Cyprus Holdings LLC,United States,
59527-0000059527-20-000007,Lincoln Electric Cyprus Limited,Cyprus,
59527-0000059527-20-000007,Lincoln Electric do Brasil Indústria e Comércio Ltda.,Brazil,
59527-0000059527-20-000007,Lincoln Electric Dutch Holdings B.V.,The Netherlands,
59527-0000059527-20-000007,Lincoln Electric Europe B.V.,The Netherlands,
59527-0000059527-20-000007,"Lincoln Electric Europe, S.L.",Spain,
59527-0000059527-20-000007,Lincoln Electric France S.A.S.,France,
59527-0000059527-20-000007,Lincoln Electric Henan Investment Holdings LLC,United States,
59527-0000059527-20-000007,Lincoln Electric Holdings S.ar.l.,Luxembourg,
59527-0000059527-20-000007,"Lincoln Electric Iberia, S.L.",Spain,
59527-0000059527-20-000007,Lincoln Electric International Holding Company,United States,
59527-0000059527-20-000007,Lincoln Electric International Holdings GmbH,Germany,
59527-0000059527-20-000007,Lincoln Electric Italia S.r.l.,Italy,
59527-0000059527-20-000007,Lincoln Electric Japan K.K.,Japan,
59527-0000059527-20-000007,"Lincoln Electric (Jinzhou) Welding Materials Co., Ltd.",China,
59527-0000059527-20-000007,Lincoln Electric Luxembourg Holdings S.ar.l,Luxembourg,
59527-0000059527-20-000007,Lincoln Electric Luxembourg S.ar.l.,Luxembourg,
59527-0000059527-20-000007,Lincoln Electric Malaysia SDN BHD,Malaysia,
59527-0000059527-20-000007,"Lincoln Electric Management (Shanghai) Co., Ltd.",China,
59527-0000059527-20-000007,"Lincoln Electric Manufactura, S.A. de C.V.",Mexico,
59527-0000059527-20-000007,"Lincoln Electric Maquinas, S. de R.L. de C.V.",Mexico,
59527-0000059527-20-000007,"Lincoln Electric Mexicana, S.A. de C.V.",Mexico,
59527-0000059527-20-000007,Lincoln Electric Middle East FZE,United Arab Emirates,
59527-0000059527-20-000007,"Lincoln Electric North America, Inc.",United States,
59527-0000059527-20-000007,Lincoln Electric Novo Holdings LLC,United States,
59527-0000059527-20-000007,"Lincoln Electric Portugal, S.A.",Portugal,
59527-0000059527-20-000007,Lincoln Electric S.A.,Argentina,
59527-0000059527-20-000007,Lincoln Electric Slovakia s.r.o.,Slovak Republic,
59527-0000059527-20-000007,"Lincoln Electric (Tangshan) Welding Materials Co., Ltd.",China,
59527-0000059527-20-000007,Lincoln Electric (Thailand) Ltd.,Thailand,
59527-0000059527-20-000007,Lincoln Electric (U.K.) Ltd.,United Kingdom,
59527-0000059527-20-000007,Lincoln Electric UK Holdings Limited,United Kingdom,
59527-0000059527-20-000007,Lincoln Global Holdings LLC,United States,
59527-0000059527-20-000007,"Lincoln Global, Inc.",United States,
59527-0000059527-20-000007,Lincoln Luxembourg Holdings S.ar.l.,Luxembourg,
59527-0000059527-20-000007,Lincoln Maquinas Holdings LLC,United States,
59527-0000059527-20-000007,Lincoln Mexico Holdings LLC,United States,
59527-0000059527-20-000007,Lincoln Nanjing Holdings LLC,United States,
59527-0000059527-20-000007,Lincoln Singapore Holdings LLC,United States,
59527-0000059527-20-000007,Lincoln Smitweld B.V.,The Netherlands,
59527-0000059527-20-000007,Lincoln Soldaduras de Colombia Ltda.,Colombia,
59527-0000059527-20-000007,MGM Holdings,Russia,
59527-0000059527-20-000007,OAO Mezhgosmetiz - Mtsensk,Russia,
59527-0000059527-20-000007,Oerlikon Kaynak Elektrodlari Ve Sanayi Anonim Sirketi,Turkey,
59527-0000059527-20-000007,Oerlikon Schweisstechnik GMBH,Germany,
59527-0000059527-20-000007,Oerlikon Skandinavien AB,Sweden,
59527-0000059527-20-000007,OOO Severstal - metiz: Welding Consumables,Russia,
59527-0000059527-20-000007,OOO Torgovyi Dom Mezhgosmetiz,Russia,
59527-0000059527-20-000007,"Performance Investment Group, LLC",United States,
59527-0000059527-20-000007,"Prime Hold Co., LLC",United States,
59527-0000059527-20-000007,"Prime Investment Group, LLC",United States,
59527-0000059527-20-000007,"Prime Investment Group II, LLC",United States,
59527-0000059527-20-000007,"Prime Investment Group III, LLC",United States,
59527-0000059527-20-000007,"Prime Investment Group IV, LLC",United States,
59527-0000059527-20-000007,"Pro-Systems, LLC",United States,
59527-0000059527-20-000007,PT Lincoln Electric Indonesia,Indonesia,
59527-0000059527-20-000007,PT Lincoln Indoweld,Indonesia,
59527-0000059527-20-000007,Rimrock Corporation,United States,
59527-0000059527-20-000007,Rimrock Holdings Corporation,United States,
59527-0000059527-20-000007,Robolution GmbH,Germany,
59527-0000059527-20-000007,"Smart Force, LLC",United States,
59527-0000059527-20-000007,Specialised Welding Products Pty. Ltd.,Australia,
59527-0000059527-20-000007,SSM RP Holding B.V.,The Netherlands,
59527-0000059527-20-000007,"Techalloy, Inc.",United States,
59527-0000059527-20-000007,"Tennessee Rand, Inc.",United States,
59527-0000059527-20-000007,Tenwell Development Pte. Ltd.,Singapore,
59527-0000059527-20-000007,The Lincoln Electric Company,United States,
59527-0000059527-20-000007,The Lincoln Electric Company (Asia Pacific) Pte. Ltd.,Singapore,
59527-0000059527-20-000007,The Lincoln Electric Company (Australia) Proprietary Limited,Australia,
59527-0000059527-20-000007,The Lincoln Electric Company (New Zealand) Limited,New Zealand,
59527-0000059527-20-000007,The Lincoln Electric Company of South Africa (Pty) Ltd.,South Africa,
59527-0000059527-20-000007,The Lincoln Electric Heli (Zhengzhou) Welding Materials Company Ltd.,China,
59527-0000059527-20-000007,"The Lincoln Electric Welding Technology & Training Center, LLC",United States,
59527-0000059527-20-000007,"The Nanjing Lincoln Electric Co., Ltd.",China,
59527-0000059527-20-000007,"The Shanghai Lincoln Electric Co., Ltd.",China,
59527-0000059527-20-000007,Uhrhan & Schwill Schweisstechnik GmbH,Germany,
59527-0000059527-20-000007,"Vizient Manufacturing Solutions, Inc.",United States,
59527-0000059527-20-000007,"Wayne Trail Technologies, Inc.",United States,
59527-0000059527-20-000007,Weartech International Limited,United Kingdom,
59527-0000059527-20-000007,"Weartech International, Inc.",United States,
59527-0000059527-20-000007,"Welding, Cutting, Tools & Accessories, LLC",United States,
59527-0000059527-20-000007,"Wolf Robotics, LLC",United States,
61339-0001161728-17-000004,Madison Gas and Electric Company,,
61339-0001161728-17-000004,MGE Power LLC,,
61339-0001161728-17-000004,"MGE Power West Campus, LLC",,
61339-0001161728-17-000004,"MGE Power Elm Road, LLC",,
61339-0001161728-17-000004,MGE Transco Investment LLC,,
61339-0001161728-17-000004,MGEE Transco LLC,,
61339-0001161728-17-000004,Central Wisconsin Development Corporation,,
61339-0001161728-17-000004,"MAGAEL, LLC",,
61339-0001161728-17-000004,"MGE Services, LLC",,
61339-0001161728-17-000004,"NGV Fueling Services, LLC",,
61339-0001161728-17-000004,"North Mendota Energy & Technology Park, LLC",,
61339-0001161728-17-000004,"MGE State Energy Services, LLC",,
61339-0001161728-17-000004,"State Energy Services, LLC",,
107815-0000107815-17-000106,"ATC Management, Inc.",Wisconsin,26.24
107815-0000107815-17-000106,American Transmission Company LLC,Wisconsin,23.04
107815-0000107815-17-000106,Bostco LLC,Wisconsin,100
1317577-0001193125-13-356794,"Elemental Energy, Inc.",Arizona,
1317577-0001193125-13-356794,Klondyke Construction LLC,Arizona,
1317577-0001193125-13-356794,"Pike Electric, LLC",North Carolina,
1317577-0001193125-13-356794,"Pike Energy Solutions, LLC",North Carolina,
1317577-0001193125-13-356794,"Pike Enterprises, Inc.",North Carolina,
1317577-0001193125-13-356794,"Pike Equipment and Supply Company, LLC",North Carolina,
1317577-0001193125-13-356794,"Pine Valley Power, Inc.",Utah,
1317577-0001193125-13-356794,"Synergetic Design Holdings, Inc.",Delaware,
1317577-0001193125-13-356794,"UC Synergetic, Inc.",South Carolina,
40545-0000040545-04-000013,"AMERICAN SILICONES, INC.",Indiana,100
40545-0000040545-04-000013,"BENTLY NEVADA, LLC",Delaware,100
40545-0000040545-04-000013,CARIBE GE INTERNATIONAL ELECTRIC METERS CORP,Puerto Rico,100
40545-0000040545-04-000013,"CARDINAL COGEN, INC.",Delaware,100
40545-0000040545-04-000013,"DATEX-OHMEDA, INC.",Delaware,100
40545-0000040545-04-000013,ELANO CORPORATION,Ohio,100
40545-0000040545-04-000013,"GEAE TECHNOLOGY, INC.",Delaware,100
40545-0000040545-04-000013,GE CGR EUROPE,France,100
40545-0000040545-04-000013,"GE DRIVES and CONTROLS, INC.",Delaware,100
40545-0000040545-04-000013,GE DRUCK HOLDINGS LIMITED,Delaware,100
40545-0000040545-04-000013,"GE ELECTRIC CANADA, INC.",Canada,100
40545-0000040545-04-000013,"GE ENERGY EUROPE, BV",Netherlands,100
40545-0000040545-04-000013,GE ENERGY PARTS INC.,Delaware,100
40545-0000040545-04-000013,"GE ENERGY PRODUCTS, INC.",Delaware,100
40545-0000040545-04-000013,"GE ENERGY SERVICES, INC.",Delaware,100
40545-0000040545-04-000013,"GE ENERGY SERVICES-DALLAS, LP",Delaware,100
40545-0000040545-04-000013,"GE ENGINE SERVICES DISTRIBUTION, LLC.",Delaware,100
40545-0000040545-04-000013,"GE ENGINE SERVICES, INC.",Delaware,100
40545-0000040545-04-000013,GE FANUC AUTOMATION CORPORATION,Delaware,50
40545-0000040545-04-000013,GE GAS TURBINES (GREENVILLE) L.L.C,Delaware,100
40545-0000040545-04-000013,"GE HUNGARY CO., LTD",Hungary,100
40545-0000040545-04-000013,"GE INTERLOGIX, INC.",Delaware,100
40545-0000040545-04-000013,"GE INVESTMENT, INC.",Nevada,100
40545-0000040545-04-000013,"GE KEPPEL ENERGY SERVICES PTE, INC.",Singapore,100
40545-0000040545-04-000013,"GE MEDICAL GLOBAL TECHNOLOGY CO., LLC",Delaware,100
40545-0000040545-04-000013,"GE MEDICAL SYSTEMS INFORMATION TECHNOLOGIES, INC.",Wisconsin,100
40545-0000040545-04-000013,"GE MEDICAL SYSTEMS, INC.",Delaware,100
40545-0000040545-04-000013,GE PACKAGED POWER L.P.,Delaware,100
40545-0000040545-04-000013,"GE PETROCHEMICALS, INC.",Delaware,100
40545-0000040545-04-000013,"GE PLASTIC FINISHING, INC.",Delaware,100
40545-0000040545-04-000013,GE PLASTICS ESPANA ScPA,"Spain & Canary Islands, Balearic Island",100
40545-0000040545-04-000013,GE PLASTICS PACIFIC PTE. LTD,Singapore,100
40545-0000040545-04-000013,"GE POLYMERLAND, INC",Delaware,100
40545-0000040545-04-000013,GE POWER SYSTEMS LICENSING INC,Delaware,100
40545-0000040545-04-000013,"GE QUARTZ, INC.",Delaware,100
40545-0000040545-04-000013,"GE SILICONES WV, LLC",West Virginia,100
40545-0000040545-04-000013,"GE SUPERABRASIVES, INC.",Delaware,100
40545-0000040545-04-000013,"GE TRANSPORTATION PARTS, LLC",Delaware,100
40545-0000040545-04-000013,"GE TRANSPORTATION SERVICES, LLC.",Delaware,100
40545-0000040545-04-000013,"GE TRANSPORTATION SYSTEMS GLOBAL SIGNALING, LLC.",Delaware,100
40545-0000040545-04-000013,GEA PRODUCTS LP,Delaware,100
40545-0000040545-04-000013,GENERAL ELECTRIC INTERNATIONAL (BENELUX) BV,Netherlands,100
40545-0000040545-04-000013,"GENERAL ELECTRIC INTERNATIONAL, INC.",Delaware,100
40545-0000040545-04-000013,"GRANITE SERVICES, INC.",Delaware,100
40545-0000040545-04-000013,NATIONAL BROADCASTING COMPANY (NBC),Delaware,100
40545-0000040545-04-000013,"NUCLEAR FUEL HOLDING CO.,INC",Delaware,100
40545-0000040545-04-000013,NUOVO PIGNONE HOLDING S.P.A,Italy,100
40545-0000040545-04-000013,OEC MEDICAL SYSTEMS INC,Delaware,100
40545-0000040545-04-000013,PII LIMITED,United Kingdom & Northern Ireland,100
40545-0000040545-04-000013,"REUTER-STOKES, INC.",Delaware,100
40545-0000040545-04-000013,"SENSING SOLUTIONS, INC.",Delaware,100
40545-0000040545-04-000013,"VICEROY, INC.",Delaware,100
40545-0000040545-04-000013,"GENERAL ELECTRIC CAPITAL SERVICES, INC.",Delaware,100
40545-0000040545-04-000013,General Electric Capital Corporation,New York,100
40545-0000040545-04-000013,GE Global Insurance Holding Corporation,Missouri,100
39547-0001047469-03-024149,"Turtle Shell, Inc. (f/k/a Snapper, Inc.)","Georgia, USA",
39547-0001047469-03-024149,Actava Financial Ltd.,Delaware,
39547-0001047469-03-024149,"Actava SHL, Inc.",Delaware,
39547-0001047469-03-024149,"Aliso Management Co., Inc.",Delaware,
39547-0001047469-03-024149,"Metromedia International Telecommunications, Inc. (f/k/a MITI Merger Corp.)",Delaware,
39547-0001047469-03-024149,"Digital Dubbing Services, Inc.",Delaware,
39547-0001047469-03-024149,"International Telcell, Inc.",Delaware,
39547-0001047469-03-024149,Kamalak TV,Uzbekistan,
39547-0001047469-03-024149,Kosmos TV,Russia,
39547-0001047469-03-024149,Viginta UAB,Lithuania,
39547-0001047469-03-024149,Sun TV SRL,Moldova,
39547-0001047469-03-024149,"Romsat Cable TV & Radio, SA",Romania,
39547-0001047469-03-024149,"International Telcell Telephony, Inc.",Delaware,
39547-0001047469-03-024149,"International Telcell Paging, Inc.",Delaware,
39547-0001047469-03-024149,Eurodevelopment OOO,Ukraine,
39547-0001047469-03-024149,"Metromedia International Telecommunications Services, Inc.",Delaware,
39547-0001047469-03-024149,"International Telcell Services, GmbH",Austria,
39547-0001047469-03-024149,"Paging One Services, GmbH",Austria,
39547-0001047469-03-024149,"International Telcell SPS, Inc.",Delaware,
39547-0001047469-03-024149,Arkhangelskaya Televizionnaya Kompaniya OOO,Russia,
39547-0001047469-03-024149,Ayety,"Georgia, CIS",
39547-0001047469-03-024149,Baltcom TV,Latvia,
39547-0001047469-03-024149,"Metromedia International Programming Services, Inc.",Delaware,
39547-0001047469-03-024149,"International Telcell Telephony, Inc.",Delaware,
39547-0001047469-03-024149,"International Telcell Cellular, Inc.",Delaware,
39547-0001047469-03-024149,Magticom Ltd.,"Georgia, CIS",
39547-0001047469-03-024149,Metromedia International Inc.,Delaware,
39547-0001047469-03-024149,MII Praha S.R.O.,Czech Republic,
39547-0001047469-03-024149,Country Radio,Czech Republic,
39547-0001047469-03-024149,Radio One,Czech Republic,
39547-0001047469-03-024149,As Trio LSL,Estonia,
39547-0001047469-03-024149,Katusha ZAO,Russia,
39547-0001047469-03-024149,Radio Georgia,"Georgia, CIS",
39547-0001047469-03-024149,SAC ZAO,Russia,
39547-0001047469-03-024149,Radio Skonto,Latvia,
39547-0001047469-03-024149,Oy Metroradio Finland Ab,Finland,
39547-0001047469-03-024149,Metroradio EOOD,Bulgaria,
39547-0001047469-03-024149,"Metromedia International Marketing, Inc.",Delaware,
39547-0001047469-03-024149,"MII Services, Inc.",Delaware,
39547-0001047469-03-024149,"Metromedia Katusha, Inc.",Delaware,
39547-0001047469-03-024149,"Metromedia International Consulting Services, Inc.",Delaware,
39547-0001047469-03-024149,Juventus KFT,Hungary,
39547-0001047469-03-024149,Metromedia Internet Licensing Limited,British Virgin Islands,
39547-0001047469-03-024149,"Dotcom Communications, AS",Estonia,
39547-0001047469-03-024149,Comstar ZAO,Russia,
39547-0001047469-03-024149,"PLD Telekom, Inc.",Delaware,
39547-0001047469-03-024149,Peterstar ZAO,Russia,
39547-0001047469-03-024149,Baltic Communications Limited ZAO,Russia,
39547-0001047469-03-024149,"Cardlink Holdings, Inc.",Delaware,
39547-0001047469-03-024149,Cardlink Holdings Limited,Scotland,
39547-0001047469-03-024149,Technocom Ltd.,Ireland,
39547-0001047469-03-024149,Teleport TP ZAO,Russia,
39547-0001047469-03-024149,Metromedia China Corporation,Delaware,
39547-0001047469-03-024149,Twin Poplars LLC,Delaware,
39547-0001047469-03-024149,Beijing 66cities.com,Peoples Republic of China,
39547-0001047469-03-024149,"Metromedia China Services, Inc.",Delaware,
39547-0001047469-03-024149,Metromedia China Paging Limited,Cayman Islands,
39547-0001047469-03-024149,Metromedia China Telephony Limited,Cayman Islands,
39547-0001047469-03-024149,"Clarity Data Systems Co., Ltd.",Peoples Republic of China,
39547-0001047469-03-024149,"Metromedia Health Information Systems Co., Ltd.",Peoples Republic of China,
39547-0001047469-03-024149,Asian American Telecommunications Corporation,Cayman Islands,
39547-0001047469-03-024149,"Huaxia Metromedia Technology Co., Ltd.",Peoples Republic of China,
49728-0001144204-11-070058,"IEC Electronics Wire and Cable, Inc.",New York,
49728-0001144204-11-070058,IEC Electronics Corp.-Albuquerque,New Mexico,
49728-0001144204-11-070058,"Dynamic Research and Testing Laboratories, LLC",New Mexico,
49728-0001144204-11-070058,"Southern California Braiding, Inc.",Delaware,
200155-0000021267-99-000027,"CIG Exploration, Inc",Delaware,
200155-0000021267-99-000027,CIG Field Services Company,Delaware,
200155-0000021267-99-000027,"Great Divide Gas Services, LLC",Colorado,73
200155-0000021267-99-000027,Colorado Water Supply Company,Delaware,
200155-0000021267-99-000027,Colorado Interstate Production Company,Delaware,
315858-0000315858-19-000023,"Woodbridge Holdings, LLC",Florida,
315858-0000315858-19-000023,"BBX Capital Florida, LLC",Florida,
315858-0000315858-19-000023,"Eden Services, Inc.",Florida,
315858-0000315858-19-000023,"BankAtlantic Financial Ventures II, LLC",Florida,
315858-0000315858-19-000023,"I.R.E. Property Analysts, Inc.",Florida,
315858-0000315858-19-000023,"I.R.E. Energy 1981, Inc.",Florida,
315858-0000315858-19-000023,Kingsway Services Inc.,Florida,
315858-0000315858-19-000023,"Risk Management Services, LLC",Florida,
315858-0000315858-19-000023,"BFC/CCC, Inc.",Florida,
315858-0000315858-19-000023,"B-D2 Holdings, LLC",Florida,
315858-0000315858-19-000023,"B-DJ Holdings, LLC",Florida,
315858-0000315858-19-000023,"B-26 Holdings, LLC",Florida,
315858-0000315858-19-000023,D-2 Acquisition,Florida,
315858-0000315858-19-000023,"BBX Capital Captive Insurance Company, LLC",Tennessee,
315858-0000315858-19-000023,"LAS Trademark, LLC",Florida,
315858-0000315858-19-000023,Bluegreen Vacations Corporation,Florida,
315858-0000315858-19-000023,BXG Florida Corporation,Florida,
315858-0000315858-19-000023,"Core Communities of South Carolina, LLC",So. Carolina,
315858-0000315858-19-000023,"Carolina Oak Homes, LLC",So. Carolina,
315858-0000315858-19-000023,"ODI Program Partnership, LLLP",Florida,
315858-0000315858-19-000023,"PF Program Partnership, LP",Delaware,
315858-0000315858-19-000023,PF Program GP LLC,Delaware,
315858-0000315858-19-000023,"BBCV Receivables-Q 2010, LLC",Delaware,
315858-0000315858-19-000023,"Big Cedar JV Interiors, LLC",Delaware,
315858-0000315858-19-000023,Bluegreen Asset Management Corporation,Delaware,
315858-0000315858-19-000023,"Bluegreen Beverage, LLC",Delaware,
315858-0000315858-19-000023,"Bluegreen Communities of Georgia, LLC",Georgia,
315858-0000315858-19-000023,"Bluegreen Communities of Texas, LP",Delaware,
315858-0000315858-19-000023,"Bluegreen Communities, LLC",Delaware,
315858-0000315858-19-000023,Bluegreen Corporation of Tennessee,Delaware,
315858-0000315858-19-000023,"Bluegreen Golf Clubs, Inc.",Delaware,
315858-0000315858-19-000023,Bluegreen Guaranty Corporation,Florida,
315858-0000315858-19-000023,"Bluegreen HoldCo, LLC",Nevada,
315858-0000315858-19-000023,Bluegreen Holding Corporation (Texas),Delaware,
315858-0000315858-19-000023,"Bluegreen Louisiana, LLC",Delaware,
315858-0000315858-19-000023,"Bluegreen Nevada, LLC",Delaware,
315858-0000315858-19-000023,"Bluegreen New Jersey, LLC",Delaware,
315858-0000315858-19-000023,Bluegreen Properties N.V.,Aruba,
315858-0000315858-19-000023,"Bluegreen Properties of Virginia, Inc.",Delaware,
315858-0000315858-19-000023,"Bluegreen Purchasing & Design, Inc.",Florida,
315858-0000315858-19-000023,Bluegreen Receivables Finance Corporation III,Delaware,
315858-0000315858-19-000023,"Bluegreen Resorts International, Inc.",Delaware,
315858-0000315858-19-000023,"Bluegreen Resorts Management, Inc.",Delaware,
315858-0000315858-19-000023,Bluegreen Servicing LLC,Delaware,
315858-0000315858-19-000023,"Bluegreen Southwest Land, Inc.",Delaware,
315858-0000315858-19-000023,"Bluegreen Southwest One, L.P.",Delaware,
315858-0000315858-19-000023,"Bluegreen Specialty Finance, LLC",Delaware,
315858-0000315858-19-000023,Bluegreen Timeshare Finance Corporation I,Delaware,
315858-0000315858-19-000023,"Bluegreen Treasury Services, LLC",Delaware,
315858-0000315858-19-000023,"Bluegreen Vacations Unlimited, Inc.",Florida,
315858-0000315858-19-000023,"Bluegreen/Big Cedar Vacations, LLC",Delaware,
315858-0000315858-19-000023,BRFC 2012-A LLC,Delaware,
315858-0000315858-19-000023,BRFC 2013-A LLC,Delaware,
315858-0000315858-19-000023,BRFC 2015-A LLC,Delaware,
315858-0000315858-19-000023,BRFC 2016-A LLC,Delaware,
315858-0000315858-19-000023,BRFC 2017-A LLC,Delaware,
315858-0000315858-19-000023,BRFC 2018-A LLC,Delaware,
315858-0000315858-19-000023,BRFC III Deed Corporation,Delaware,
315858-0000315858-19-000023,"BRFC-Q 2010, LLC",Delaware,
315858-0000315858-19-000023,BRM Bahamas Limited,Bahamas,
315858-0000315858-19-000023,"BXG Construction, LLC",Delaware,
315858-0000315858-19-000023,"BXG Mineral Holdings, LLC",Delaware,
315858-0000315858-19-000023,"Catawba Falls, LLC",North Carolina,
315858-0000315858-19-000023,"Encore Rewards, Inc.",Delaware,
315858-0000315858-19-000023,"Family Fun Company, LLC",Delaware,
315858-0000315858-19-000023,"Great Vacation Destinations, Inc.",Florida,
315858-0000315858-19-000023,Jordan Lake Preserve Corporation,North Carolina,
315858-0000315858-19-000023,Leisure Capital Corporation,Vermont,
315858-0000315858-19-000023,"Leisure Communication Network, Inc.",Delaware,
315858-0000315858-19-000023,Managed Assets Corporation,Delaware,
315858-0000315858-19-000023,New England Advertising Corporation,Vermont,
315858-0000315858-19-000023,"Outdoor Traveler Destinations, LLC",Florida,
315858-0000315858-19-000023,"Pinnacle Vacations, Inc.",Delaware,
315858-0000315858-19-000023,"Prizzma, LLC",Delaware,
315858-0000315858-19-000023,"Resort Title Agency, Inc.",Florida,
315858-0000315858-19-000023,"SC Holdco, LLC",Delaware,
315858-0000315858-19-000023,"Select Connections, LLC",Delaware,
315858-0000315858-19-000023,TFRI 2013-1 LLC,Delaware,
315858-0000315858-19-000023,"BBX Capital Real Estate, LLC",Florida,
315858-0000315858-19-000023,"BBX Capital Partners, LLC",Florida,
315858-0000315858-19-000023,"BBX Sweet Holdings, LLC",Florida,
315858-0000315858-19-000023,"Food for Thought Restaurant Group – Florida, LLC",Florida,
315858-0000315858-19-000023,"Renin Holdings, LLC",Florida,
315858-0000315858-19-000023,"BBX Partners, Inc.",Florida,
315858-0000315858-19-000023,"BBX Capital Asset Management, LLC",Florida,
315858-0000315858-19-000023,"Florida Asset Resolution Group, LLC",Florida,
315858-0000315858-19-000023,"BBX Altman Operating Entities, LLC",Florida,
315858-0000315858-19-000023,"BBX Altis Projects, LLC",Florida,
315858-0000315858-19-000023,"BBX Capital Real Estate Investments, LLC",Florida,
315858-0000315858-19-000023,"BBX Las Olas Investments, LLC",Florida,
315858-0000315858-19-000023,"BBX Altman Holdings, LLC",Florida,
315858-0000315858-19-000023,"Heartwood Partners 1, LLC",Florida,
315858-0000315858-19-000023,"Heartwood Partners 2, LLC",Florida,
315858-0000315858-19-000023,"Heartwood Partners 3, LLC",Florida,
315858-0000315858-19-000023,"BBX Chapel Trail, LLC",Florida,
315858-0000315858-19-000023,"BBX Shingle Creek, LLC",Florida,
315858-0000315858-19-000023,"BBX Miramar, LLC",Florida,
315858-0000315858-19-000023,"BBX Centra, LLC",Florida,
315858-0000315858-19-000023,"FL Cell Tower, LLC",Florida,
315858-0000315858-19-000023,"BBX Bonterra Multifamily, LLC",Florida,
315858-0000315858-19-000023,"BBX Gardens Multifamily, LLC",Florida,
315858-0000315858-19-000023,"BBX Austin, LLC",Florida,
315858-0000315858-19-000023,"BBX Hialeah Apartments, LLC",Florida,
315858-0000315858-19-000023,"Hialeah Multifamily, LLC",Florida,
315858-0000315858-19-000023,"BBX Residential Victoria Park, LLC",Florida,
315858-0000315858-19-000023,"Premier Flagler, LLC",Florida,
315858-0000315858-19-000023,Banc Servicing Center LLC,Florida,
315858-0000315858-19-000023,"Fidelity Service, LLC",Florida,
315858-0000315858-19-000023,"Fidelity Tax, LLC",Florida,
315858-0000315858-19-000023,"Heartwood 3, LLC",Florida,
315858-0000315858-19-000023,"Heartwood 4, LLC",Florida,
315858-0000315858-19-000023,"Heartwood 7, LLC",Florida,
315858-0000315858-19-000023,"Heartwood 11, LLC",Florida,
315858-0000315858-19-000023,"FL Billboards, LLC",Florida,
315858-0000315858-19-000023,"Heartwood 18, LLC",Florida,
315858-0000315858-19-000023,"Heartwood 19, LLC",Florida,
315858-0000315858-19-000023,"Heartwood 21, LLC",Florida,
315858-0000315858-19-000023,"Heartwood 23, LLC",Florida,
315858-0000315858-19-000023,"Heartwood 24, LLC",Florida,
315858-0000315858-19-000023,"Heartwood 40, LLC",Florida,
315858-0000315858-19-000023,"Heartwood 41, LLC",Florida,
315858-0000315858-19-000023,"Heartwood 42, LLC",Florida,
315858-0000315858-19-000023,"Heartwood 44, LLC",Florida,
315858-0000315858-19-000023,"Heartwood 47, LLC",Florida,
315858-0000315858-19-000023,"Heartwood 50, LLC",Florida,
315858-0000315858-19-000023,"Heartwood 88, LLC",Florida,
315858-0000315858-19-000023,"Heartwood 90, LLC",Florida,
315858-0000315858-19-000023,"Heartwood 91, LLC",Florida,
315858-0000315858-19-000023,"Heartwood 91-2, LLC",Florida,
315858-0000315858-19-000023,"Heartwood 91-3, LLC",Florida,
315858-0000315858-19-000023,"Heartwood 91-4, LLC",Florida,
315858-0000315858-19-000023,"Heartwood 92, LLC",Florida,
315858-0000315858-19-000023,"BBX Grand Central, LLC",Florida,
315858-0000315858-19-000023,"BBX Promenade, LLC",Florida,
315858-0000315858-19-000023,"BBX Ludlam-Miami, LLC",Florida,
315858-0000315858-19-000023,Unique Restaurant of Mizner Park Inc.,Florida,
315858-0000315858-19-000023,"Heartwood 58, LLC",Florida,
315858-0000315858-19-000023,"FAR Holdings Group, LLC",Florida,
315858-0000315858-19-000023,"FT Properties, LLC",Florida,
315858-0000315858-19-000023,"Sunrise Atlantic, LLC",Florida,
315858-0000315858-19-000023,"Heartwood 45, LLC",Florida,
315858-0000315858-19-000023,"Heartwood 56, LLC",Florida,
315858-0000315858-19-000023,"Heartwood 57, LLC",Florida,
315858-0000315858-19-000023,"Heartwood 2, LLC",Florida,
315858-0000315858-19-000023,"Heartwood 43, LLC",Florida,
315858-0000315858-19-000023,"Heartwood 55, LLC",Florida,
315858-0000315858-19-000023,"FAR 1, LLC",Florida,
315858-0000315858-19-000023,"FAR 2, LLC",Florida,
315858-0000315858-19-000023,"FAR 3, LLC",Florida,
315858-0000315858-19-000023,"FAR 4, LLC",Florida,
315858-0000315858-19-000023,"FAR 5, LLC",Florida,
315858-0000315858-19-000023,"FAR 6, LLC",Florida,
315858-0000315858-19-000023,"The Hoffman Commercial Group, Inc.",Florida,
315858-0000315858-19-000023,"Good Fortunes East, LLC",Florida,
315858-0000315858-19-000023,"Boca Bons East, LLC",Florida,
315858-0000315858-19-000023,"B&B Bons, LLC",Florida,
315858-0000315858-19-000023,"S&F Good Fortunes, LLC",Florida,
315858-0000315858-19-000023,"Hoffchoc, LLC",Florida,
315858-0000315858-19-000023,"Hoffmans Chocolate, LLC",Florida,
315858-0000315858-19-000023,"Brea Enterprises, LLC",Florida,
315858-0000315858-19-000023,"Chocolate Acquisition Sub, LLC dba Kron Chocolatier",Florida,
315858-0000315858-19-000023,"Las Olas Confections and Snacks, LLC",Florida,
315858-0000315858-19-000023,IT’SUGAR Holdings. LLC,Florida,
315858-0000315858-19-000023,"Jer's Chocolates, LLC",California,
315858-0000315858-19-000023,"Helen Grace Chocolates, LLC",California,
315858-0000315858-19-000023,"Droga Chocolates, LLC",Florida,
315858-0000315858-19-000023,"Kencraft Confections, LLC",Utah,
315858-0000315858-19-000023,Sweet Acquisitions UT2,Utah,
315858-0000315858-19-000023,"Anastasia Confections, Inc.",Florida,
315858-0000315858-19-000023,"Lone Peak Asia, LLC",Utah,
315858-0000315858-19-000023,"IT’SUGAR, LLC",Florida,
315858-0000315858-19-000023,"IT’Sugar Atlantic City, LLC",Delaware,
315858-0000315858-19-000023,"IT’Sugar FLGC, LLC",Florida,
315858-0000315858-19-000023,Food For Thought Restaurant Group – LLC,Florida,
315858-0000315858-19-000023,"Food For Thought Restaurant Group – Operations, LLC",Florida,
315858-0000315858-19-000023,"Renin US, LLC",Mississippi,
315858-0000315858-19-000023,Renin Canada Corporation,Canada,
315858-0000315858-19-000023,Renin UK Corporation,United Kingdom,
718877-0001047469-08-007085,Activision Asia Pacific Holding Pte. Ltd.,Singapore,
718877-0001047469-08-007085,Activision Beteiligungs GmbH,Germany,
718877-0001047469-08-007085,"Activision Canada, Inc.",Canada,
718877-0001047469-08-007085,Activision Deutschland GmbH,Germany,
718877-0001047469-08-007085,"Activision Europe, Limited",United Kingdom,
718877-0001047469-08-007085,Activision GmbH,Germany,
718877-0001047469-08-007085,Activision International B.V.,The Netherlands,
718877-0001047469-08-007085,"Activision International Europe, LLC",California,
718877-0001047469-08-007085,"Activision Italia, S.r.l",Italy,
718877-0001047469-08-007085,Activision Japan,Japan,
718877-0001047469-08-007085,"Activision Korea, Ltd.",South Korea,
718877-0001047469-08-007085,"Activision, Ltd.",Japan,
718877-0001047469-08-007085,Activision Luxembourg S.a.r.l.,Luxembourg,
718877-0001047469-08-007085,Activision Luxembourg S.a.r.l.,Nevada,
718877-0001047469-08-007085,Activision Nordic,Nordic,
718877-0001047469-08-007085,"Activision Productions, Inc.",Delaware,
718877-0001047469-08-007085,Activision Pty Ltd.,Australia,
718877-0001047469-08-007085,"Activision Publishing Europe, LLP",United Kingdom,
718877-0001047469-08-007085,"Activision Publishing, Inc.",Delaware,
718877-0001047469-08-007085,"Activision Publishing International, Inc.",California,
718877-0001047469-08-007085,Activision Publishing Ireland Ltd.,Ireland,
718877-0001047469-08-007085,"Activision Singapore Pte, Ltd.",Singapore,
718877-0001047469-08-007085,"Activision Spain, S.A.U.",Spain,
718877-0001047469-08-007085,Activision Testing & Verification Inc.,California,
718877-0001047469-08-007085,"Activision Texas, Inc.",Texas,
718877-0001047469-08-007085,Activision U.K. Ltd.,United Kingdom,
718877-0001047469-08-007085,"Activision Value Publishing, Inc.",Minnesota,
718877-0001047469-08-007085,Activision Vermogensverwaltungs GmbH,Germany,
718877-0001047469-08-007085,Advantage Entertainment Distribution Limited,United Kingdom,
718877-0001047469-08-007085,ATVI France SAS,France,
718877-0001047469-08-007085,Beenox Inc.,Canada,
718877-0001047469-08-007085,CD Contact Data BV,The Netherlands,
718877-0001047469-08-007085,CD Contact Data GmbH,Germany,
718877-0001047469-08-007085,Centresoft Ltd.,United Kingdom,
718877-0001047469-08-007085,Combined Distribution Holdings Ltd.,United Kingdom,
718877-0001047469-08-007085,Contact Data Belgium N.V.,Belgium,
718877-0001047469-08-007085,"Demonware, Inc.",Delaware,
718877-0001047469-08-007085,Demonware Ltd.,Ireland,
718877-0001047469-08-007085,Demonware Canada,Canada,
718877-0001047469-08-007085,"Expert Software, Inc.",Delaware,
718877-0001047469-08-007085,Igloo Distribution Limited,United Kingdom,
718877-0001047469-08-007085,"Infinity Ward, Inc.",Delaware,
718877-0001047469-08-007085,"Kaboom.com, Inc.",Delaware,
718877-0001047469-08-007085,"Luxoflux, Inc.",Delaware,
718877-0001047469-08-007085,NBG EDV Handels-und Verlags GmbH & Co. KG,Germany,
718877-0001047469-08-007085,"Neversoft Entertainment, Inc.",California,
718877-0001047469-08-007085,PDQ Distribution Ltd.,United Kingdom,
718877-0001047469-08-007085,"RedOctane, Inc.",California,
718877-0001047469-08-007085,RedOctane Limited,UK,
718877-0001047469-08-007085,RedOctane Technologies Pvt. Ltd.,India,
718877-0001047469-08-007085,"Shaba Games, Inc.",Delaware,
718877-0001047469-08-007085,Target Software Vertriebs GmbH,Germany,
718877-0001047469-08-007085,Treyarch Corporation,Delaware,
718877-0001047469-08-007085,"Toys For Bob, Inc.",California,
718877-0001047469-08-007085,"Vicarious Visions, Inc.",New York,
811669-0000950123-05-002610,International Wine & Spirits Ltd.,Delaware,100
811669-0000950123-05-002610,Ste. Michelle Wine Estates Ltd.,Washington,100
811669-0000950123-05-002610,U.S. Smokeless Tobacco Company,Delaware,100
811669-0000950123-05-002610,U.S. Smokeless Tobacco Manufacturing Limited Partnership,Delaware,100
811669-0000950123-05-002610,U.S. Smokeless Tobacco Brands Inc.,Delaware,100
857501-0001065949-17-000087,Jacobs & Company,West Virginia,
857501-0001065949-17-000087,"FS Investments, Inc.",West Virginia,
857501-0001065949-17-000087,"Triangle Surety Agency, Inc.",West Virginia,
857501-0001065949-17-000087,First Surety Corporation,West Virginia,
857501-0001065949-17-000087,"Crystal Mountain Water, Inc.",Arkansas,
874501-0000874501-15-000013,Ambac Assurance Corporation,Wisconsin,
874501-0000874501-15-000013,Ambac Assurance UK Limited,United Kingdom Insurance Company,
874501-0000874501-15-000013,Ambac Capital Corporation,Delaware,
874501-0000874501-15-000013,"Ambac Capital Funding, Inc.",Delaware,
874501-0000874501-15-000013,"Ambac Credit Products, LLC",Delaware,
874501-0000874501-15-000013,"Ambac Investments, Inc.",Delaware,
874501-0000874501-15-000013,"Ambac Financial Services, LLC",Delaware,
874501-0000874501-15-000013,Everspan Financial Guarantee Corp.,Wisconsin,
874501-0000874501-15-000013,"Connie Lee Holdings, Inc.",Delaware,
874501-0000874501-15-000013,Ortley Investments LLC,Delaware,
874501-0000874501-15-000013,"Orient Bay, LLC",Delaware,
874501-0000874501-15-000013,"AE Global Holdings, LLC",Delaware,
874501-0000874501-15-000013,"AE Global Asset Funding, LLC",Delaware,
874501-0000874501-15-000013,"AE Global Investments, LLC",Delaware,
874501-0000874501-15-000013,"Ambac Japan Co., Ltd",Japan,
874501-0000874501-15-000013,Ambac Conduit Funding LLC,Delaware,
874501-0000874501-15-000013,Ambac Credit Products Limited,United Kingdom,
874501-0000874501-15-000013,Juneau Investments LLC,Delaware,
908255-0000908255-13-000006,BorgWarner TorqTransfer Systems Inc.,,
908255-0000908255-13-000006,BorgWarner Powdered Metals Inc.,,
908255-0000908255-13-000006,BorgWarner South Asia Inc.,,
908255-0000908255-13-000006,Divgi-Warner Private Limited,,
908255-0000908255-13-000006,BorgWarner Automotive Asia Limited,,
908255-0000908255-13-000006,"BorgWarner Automotive Components (Ningbo) Co., Ltd.",,
908255-0000908255-13-000006,BorgWarner Shenglong (Ningbo) Co. Ltd.,,
908255-0000908255-13-000006,"BorgWarner TorqTransfer Systems Beijing Co., Ltd.",,
908255-0000908255-13-000006,"BorgWarner United Transmission Systems Co., Ltd.",,
908255-0000908255-13-000006,BorgWarner Diversified Transmission Products Inc.,,
908255-0000908255-13-000006,BorgWarner Diversified Transmission Products Services Inc.,,
908255-0000908255-13-000006,BorgWarner Drivetrain Management Services de Mexico S.A. de C.V. ,,
908255-0000908255-13-000006,BorgWarner Drivetrain de Mexico S.A. de C.V.,,
908255-0000908255-13-000006,BorgWarner Poland Sp. z.o.o,,
908255-0000908255-13-000006,BorgWarner Drivetrain Engineering GmbH,,
908255-0000908255-13-000006,BorgWarner TorqTransfer Systems Ochang Inc.,,
908255-0000908255-13-000006,BorgWarner Emissions Systems Inc.,,
908255-0000908255-13-000006,BorgWarner Emissions Systems of Michigan Inc. ,,
908255-0000908255-13-000006,BorgWarner Emissions Systems Holding Inc. ,,
908255-0000908255-13-000006,BorgWarner Thermal Systems Inc.,,
908255-0000908255-13-000006,BorgWarner Thermal Systems of Michigan Inc.,,
908255-0000908255-13-000006,BorgWarner Cooling Systems (India) Private Limited ,,
908255-0000908255-13-000006,BorgWarner Morse TEC Inc.,,
908255-0000908255-13-000006,BorgWarner Canada Inc.,,
908255-0000908255-13-000006,BorgWarner Japan Inc.,,
908255-0000908255-13-000006,BorgWarner Morse TEC Japan K.K.,,
908255-0000908255-13-000006,"BorgWarner Morse TEC Mexico, S.A. de C.V.",,
908255-0000908255-13-000006,BorgWarner Morse TEC Private Limited,,
908255-0000908255-13-000006,BorgWarner Morse TEC Korea Ltd.,,
908255-0000908255-13-000006,BorgWarner Transmission Systems Inc.,,
908255-0000908255-13-000006,BorgWarner Transmission Systems Monaco S.A.M.,,
908255-0000908255-13-000006,BorgWarner NW Inc.,,
908255-0000908255-13-000006,BorgWarner Transmission Systems Korea Ltd.,,
908255-0000908255-13-000006,Transmission Systems AutoForm Ltd.,,
908255-0000908255-13-000006,NSK-Warner K.K.,,
908255-0000908255-13-000006,"NSK-Warner (Shanghai) Co., Ltd.",,
908255-0000908255-13-000006,"NSK-Warner U.S.A., Inc.",,
908255-0000908255-13-000006,BorgWarner Europe Inc.,,
908255-0000908255-13-000006,BorgWarner Holding Inc.,,
908255-0000908255-13-000006,BorgWarner Transmission Systems Tulle S.A.S. ,,
908255-0000908255-13-000006,BorgWarner Turbo & Emissions Systems France S.A.S. ,,
908255-0000908255-13-000006,BW Holding Ltd.,,
908255-0000908255-13-000006,BorgWarner Europe GmbH,,
908255-0000908255-13-000006,BorgWarner Holdings Limited,,
908255-0000908255-13-000006,BorgWarner Limited,,
908255-0000908255-13-000006,Kysor Europe Limited,,
908255-0000908255-13-000006,Morse TEC Europe S.r.l. ,,
908255-0000908255-13-000006,BorgWarner Germany GmbH ,,
908255-0000908255-13-000006,BorgWarner BERU Systems GmbH ,,
908255-0000908255-13-000006,BERU Italia S.r.l.,,
908255-0000908255-13-000006,BERU Mexico S.A. de C.V.,,
908255-0000908255-13-000006,BorgWarner BERU Systems Kandel GmbH,,
908255-0000908255-13-000006,"BorgWarner BERU Systems Korea Co., Ltd.",,
908255-0000908255-13-000006,BERU Diesel Start Systems Pvt. Ltd.,,
908255-0000908255-13-000006,BorgWarner BERU Systems Ireland Ltd.,,
908255-0000908255-13-000006,BorgWarner Cooling Systems GmbH,,
908255-0000908255-13-000006,"BorgWarner Spain Holding, S.L.",,
908255-0000908255-13-000006,"BorgWarner Emissions Systems Spain, S.L.",,
908255-0000908255-13-000006,BorgWarner Emissions Systems India Private Limited,,
908255-0000908255-13-000006,"BorgWarner Emissions Systems Portugal, Unipessoal LDA",,
908255-0000908255-13-000006,BorgWarner IT Services Group Europe GmbH,,
908255-0000908255-13-000006,BorgWarner TorqTransfer Systems AB,,
908255-0000908255-13-000006,BorgWarner TorqTransfer Systems Holding AB,,
908255-0000908255-13-000006,BorgWarner TTS Kft.,,
908255-0000908255-13-000006,"BorgWarner TTS, S. de R.L. de C.V.",,
908255-0000908255-13-000006,BorgWarner Transmission Systems Arnstadt GmbH,,
908255-0000908255-13-000006,BorgWarner Transmission Systems GmbH,,
908255-0000908255-13-000006,BorgWarner Vertriebs und Verwaltungs GmbH,,
908255-0000908255-13-000006,BorgWarner Turbo Systems Worldwide Headquarters GmbH,,
908255-0000908255-13-000006,BorgWarner Turbo Systems GmbH,,
908255-0000908255-13-000006,BorgWarner Turbo Systems Alkatreszgyarto Kft.,,
908255-0000908255-13-000006,BorgWarner Turbo Systems Engineering GmbH,,
908255-0000908255-13-000006,Creon Insurance Agency Limited,,
908255-0000908255-13-000006,BorgWarner Trustees Limited,,
908255-0000908255-13-000006,Kuhlman Corporation,,
908255-0000908255-13-000006,BWA Turbo Systems Holding Corporation,,
908255-0000908255-13-000006,BorgWarner Turbo Systems Inc.,,
908255-0000908255-13-000006,BorgWarner Turbo Systems of Michigan Inc.,,
908255-0000908255-13-000006,"BorgWarner Cooling Systems Korea, Inc.",,
908255-0000908255-13-000006,BorgWarner Brasil Ltda.,,
908255-0000908255-13-000006,"SeohanWarner Turbo Systems, Ltd.",,
908255-0000908255-13-000006,Bronson Specialties Inc.,,
908255-0000908255-13-000006,BWA Receivables Corporation,,
908255-0000908255-13-000006,BorgWarner Comercial e Distribuidora de Pecas para Veiculos Automotores Ltda. ,,
908255-0000908255-13-000006,BorgWarner Investment Holding Inc.,,
908255-0000908255-13-000006,"BorgWarner (China) Investment Co., Ltd.",,
908255-0000908255-13-000006,BorgWarner Turbo and Emissions Systems de Mexico S.A. de C.V.,,
908255-0000908255-13-000006,BorgWarner (Thailand) Limited,,
908255-0000908255-13-000006,"BorgWarner (China) Research & Development Co., Ltd.",,
913614-0000930661-01-502777,Bactolac Pharmaceutical Inc.,Delaware,
913614-0000930661-01-502777,"ANI Pharmaceuticals, Inc.",Mississippi,
913614-0000930661-01-502777,NL Acquisition Company,Delaware,
923472-0000892569-97-000821,Samantha Hotel Corporation,Delaware,
923472-0000892569-97-000821,"RFS, Inc.",Tennessee,
923472-0000892569-97-000821,Doubletree Partners,Delaware,
923472-0000892569-97-000821,Doubletree Hotels Corporation,Arizona,
923472-0000892569-97-000821,"Doubletree of Phoenix, Inc.",Delaware,
923472-0000892569-97-000821,INNCO Corporation,Arizona,
923472-0000892569-97-000821,HOSCO Corporation,Arizona,
923472-0000892569-97-000821,"DT Management, Inc.",Arizona,
923472-0000892569-97-000821,"DT Real Estate, Inc.",Arizona,
923472-0000892569-97-000821,"Doubletree Hotel Systems, Inc.",Arizona,
923472-0000892569-97-000821,Harbor Hotels Corporation,Delaware,
923472-0000892569-97-000821,"DTM Burlingame, Inc.",Arizona,
923472-0000892569-97-000821,"Red Lion Hotels, Inc.",Delaware,
1484565-0001564590-20-008705,Soleno Therapeutics UK Ltd.,United Kingdom,
1484565-0001564590-20-008705,Soleno Therapeutics Europe Ltd.,Ireland,
1484565-0001564590-20-008705,"Essentialis, Inc.",Delaware,
1582244-0001582244-16-000187,Corning Natural Gas Appliance Corporation,New York State,
1592386-0001592386-20-000003,Virtu Financial LLC,Delaware,
1592386-0001592386-20-000003,VFH Parent LLC,Delaware,
1592386-0001592386-20-000003,Virtu Financial Operating LLC,Delaware,
1592386-0001592386-20-000003,Virtu Financial Global Markets LLC,Delaware,
1592386-0001592386-20-000003,Virtu KCG Holdings LLC,Delaware,
1592386-0001592386-20-000003,Virtu Knight Capital Group LLC,Delaware,
1592386-0001592386-20-000003,Virtu Strategic Holdings LLC,Delaware,
1592386-0001592386-20-000003,Virtu Americas LLC,Delaware,
1592386-0001592386-20-000003,Virtu ITG LLC,Delaware,
1592386-0001592386-20-000003,ITG International Holdings Limited,Bermuda,
1739566-0001739566-21-000088,"Utz Brands Holdings, LLC",Delaware,
1739566-0001739566-21-000088,"Utz Quality Foods, LLC",Delaware,
1739566-0001739566-21-000088,"UTZTRAN, LLC",Pennsylvania,
1739566-0001739566-21-000088,Heron Holding Corporation,Delaware,
1739566-0001739566-21-000088,"Golden Flake Snack Foods, Inc.",Delaware,
1739566-0001739566-21-000088,"Inventure Foods, Inc. and its subsidiaries",Delaware,
1739566-0001739566-21-000088,"Kitchen Cooked, Inc.",Illinois,
1739566-0001739566-21-000088,"Kennedy Endeavors, LLC",Washington,
1739566-0001739566-21-000088,"GH Pop Holdings, LLC",Pennsylvania,
1739566-0001739566-21-000088,"Good Health Natural Products, LLC",Delaware,
1739566-0001739566-21-000088,"Condor Snack Foods, LLC",Delaware,
1739566-0001739566-21-000088,"Snikiddy, LLC",Delaware,
1739566-0001739566-21-000088,"Truco Enterprises, LP",Texas,
1739566-0001739566-21-000088,"Truco Holdco, Inc.",Texas,
1394159-0001394159-15-000045,Cheap Tickets Limited,England,
1394159-0001394159-15-000045,ebookers Limited,England,
1394159-0001394159-15-000045,ebookers.com Deutschland GmbH,Germany,
1394159-0001394159-15-000045,ebookers.com SA,Switzerland,
1394159-0001394159-15-000045,ebookers.ie Ltd,Ireland,
1394159-0001394159-15-000045,ebookers.nl BV,Netherlands,
1394159-0001394159-15-000045,ebookers Scandinavia AB,Sweden,
1394159-0001394159-15-000045,"Flairview Travel - Hotel Club, S.L.",Spain,
1394159-0001394159-15-000045,Flightbookers Limited,England,
1394159-0001394159-15-000045,Orbitz Worldwide (Europe) S.L.U.,Spain,
1394159-0001394159-15-000045,Hao Tai Ke Business Consulting (Shanghai) Company Limited,China,
1394159-0001394159-15-000045,Hotelclub Limited,England,
1394159-0001394159-15-000045,HotelClub New Zealand Pty Limited,New Zealand,
1394159-0001394159-15-000045,HotelClub Pty Limited,Australia,
1394159-0001394159-15-000045,Insurancebookers Limited,England,
1394159-0001394159-15-000045,Internetwork Publishing Corporation,Florida,
1394159-0001394159-15-000045,La Compagnie Des Voyages SAS,France,
1394159-0001394159-15-000045,Neat Group Corporation,Delaware,
1394159-0001394159-15-000045,O Holdings Inc.,Delaware,
1394159-0001394159-15-000045,Orbitz Argentina S.R.L.,Argentina,
1394159-0001394159-15-000045,Orbitz Away LLC,Delaware,
1394159-0001394159-15-000045,Orbitz Financial Corp.,Delaware,
1394159-0001394159-15-000045,"Orbitz for Business, Inc.",Delaware,
1394159-0001394159-15-000045,Orbitz India Services Private Limited,India,
1394159-0001394159-15-000045,"Orbitz, Inc.",Delaware,
1394159-0001394159-15-000045,Orbitz (Israel) Ltd.,Israel,
1394159-0001394159-15-000045,"Orbitz, LLC",Delaware,
1394159-0001394159-15-000045,"Orbitz Mexico Services, S. de R.L. de C.V.",Mexico,
1394159-0001394159-15-000045,"Orbitz Travel Insurance Services, LLC",Delaware,
1394159-0001394159-15-000045,"Orbitz Worldwide, LLC",Delaware,
1394159-0001394159-15-000045,"Orbitz Worldwide Finance Company, LLC",Delaware,
1394159-0001394159-15-000045,Orbitz Worldwide (UK) Limited,England,
1394159-0001394159-15-000045,"OWW Fulfillment Services, Inc.",Tennessee,
1394159-0001394159-15-000045,Oy ebookers Finland Ltd,Finland,
1394159-0001394159-15-000045,Terren Corporation,Canada,
1394159-0001394159-15-000045,Travel Acquisition Corporation Pty Limited,Australia,
1394159-0001394159-15-000045,"Trip Network, Inc.",Delaware,
3146-0001193125-06-055140,Alabama Gas Corporation,,
3146-0001193125-06-055140,Energen Resources Corporation,,
3146-0001193125-06-055140,"Energen Resources TEAM, Inc.",,
354707-0000354707-19-000043,"Hawaiian Electric Company, Inc.",Hawaii,
354707-0000354707-19-000043,"Maui Electric Company, Limited",Hawaii,
354707-0000354707-19-000043,"Hawaii Electric Light Company, Inc.",Hawaii,
354707-0000354707-19-000043,"Renewable Hawaii, Inc.",Hawaii,
354707-0000354707-19-000043,Uluwehiokama Biofuels Corp.,Hawaii,
354707-0000354707-19-000043,HECO Capital Trust III,Delaware,
354707-0000354707-19-000043,"ASB Hawaii, Inc.",Hawaii,
354707-0000354707-19-000043,"American Savings Bank, F.S.B.",,
354707-0000354707-19-000043,"The Old Oahu Tug Service, Inc. ",Hawaii,
354707-0000354707-19-000043,"Pacific Current, LLC",Hawaii,
354707-0000354707-19-000043,"Hamakua Holdings, LLC",Hawaii,
354707-0000354707-19-000043,"Hamakua Energy, LLC",Hawaii,
354707-0000354707-19-000043,"Mauo Holdings, LLC",Hawaii,
354707-0000354707-19-000043,"Mauo, LLC",Hawaii,
84557-0001046861-06-000007,Central Maine Power Company,Maine,
84557-0001046861-06-000007,Connecticut Natural Gas Corporation,Connecticut,
84557-0001046861-06-000007,"Energetix, Inc.",New York,
84557-0001046861-06-000007,"Energy East Enterprises, Inc.",Maine,
84557-0001046861-06-000007,Energy East Management Corporation,Delaware,
84557-0001046861-06-000007,"Maine Electric Power Co., Inc.",Maine,
84557-0001046861-06-000007,Maine Natural Gas Corporation,Maine,
84557-0001046861-06-000007,NORVARCO,Maine,
84557-0001046861-06-000007,New York State Electric & Gas Corporation,New York,
84557-0001046861-06-000007,Rochester Gas and Electric Corporation,New York,
84557-0001046861-06-000007,The Berkshire Gas Company,Massachusetts,
84557-0001046861-06-000007,"The Energy Network, Inc.",Delaware,
84557-0001046861-06-000007,The Southern Connecticut Gas Company,Connecticut,
100826-0001193125-09-042636,Ameren Corporation,Missouri,
100826-0001193125-09-042636,Ameren Development Company,Missouri,
100826-0001193125-09-042636,"Enporion, Inc.",Delaware,21
100826-0001193125-09-042636,Missouri Central Railroad Company,Delaware,
100826-0001193125-09-042636,CIPSCO Leasing Company,Illinois,
100826-0001193125-09-042636,"Gateway Energy Systems, L.C.",Missouri,89.1
100826-0001193125-09-042636,"Gateway Energy WGK Project, L.L.C.",Illinois,
100826-0001193125-09-042636,"Ameren Energy Resources Company, LLC",Delaware,
100826-0001193125-09-042636,Ameren Energy Generating Company,Illinois,
100826-0001193125-09-042636,Coffeen and Western Railroad Company,Illinois,
100826-0001193125-09-042636,Ameren Energy Marketing Company,Illinois,
100826-0001193125-09-042636,Illinois Materials Supply Co.,Illinois,
100826-0001193125-09-042636,"Electric Energy, Inc.",Illinois,80
100826-0001193125-09-042636,Midwest Electric Power Inc.,Illinois,
100826-0001193125-09-042636,Joppa and Eastern Railroad Company,Illinois,
100826-0001193125-09-042636,"Met South, Inc.",Illinois,
100826-0001193125-09-042636,Massac Enterprises LLC,Illinois,
100826-0001193125-09-042636,"AmerenEnergy Medina Valley Cogen, L.L.C.",Illinois,
100826-0001193125-09-042636,Ameren Energy Fuels and Services Company,Illinois,
100826-0001193125-09-042636,Ameren Illinois Transmission Company,Illinois,
100826-0001193125-09-042636,Ameren Services Company,Missouri,
100826-0001193125-09-042636,Central Illinois Public Service Company,Illinois,
100826-0001193125-09-042636,CILCORP Inc.,Illinois,
100826-0001193125-09-042636,Central Illinois Light Company,Illinois,
100826-0001193125-09-042636,AmerenEnergy Resources Generating Company,Illinois,
100826-0001193125-09-042636,CLC Aircraft Leasing LLC,Delaware,
100826-0001193125-09-042636,QST Enterprises Inc.,Illinois,
100826-0001193125-09-042636,ESE Land Corporation,Illinois,
100826-0001193125-09-042636,California/Nevada Development L.L.C.,Delaware,15
100826-0001193125-09-042636,Energy Risk Assurance Company,Vermont,
100826-0001193125-09-042636,Missouri Energy Risk Assurance Company LLC,Missouri,
100826-0001193125-09-042636,"Illinois Power Company, d/b/a AmerenIP",Illinois,
100826-0001193125-09-042636,Illinois Power Securitization Limited Liability Company,Delaware,
100826-0001193125-09-042636,Illinois Power Special Purpose Trust,Delaware,
100826-0001193125-09-042636,Union Electric Company,Missouri,
100826-0001193125-09-042636,Fuelco LLC,Delaware,
81033-0000950117-06-000927,Public Service Electric and Gas Company,New Jersey,100
81033-0000950117-06-000927,PSEG Power LLC ,Delaware,100
81033-0000950117-06-000927,PSEG Fossil LLC,Delaware,100
81033-0000950117-06-000927,PSEG Energy Resources & Trade LLC,Delaware,100
81033-0000950117-06-000927,PSEG Energy Holdings L.L.C. ,New Jersey,100
81033-0000950117-06-000927,PSEG Resources L.L.C.,New Jersey,100
81033-0000950117-06-000927,PSEG Global L.L.C.,New Jersey,100
81033-0000950117-06-000927,PSEG Global International Holdings LLC,Delaware,100
4904-0000004904-09-000040,"American Electric Power Company, Inc.",New York,100
4904-0000004904-09-000040,American Electric Power Service Corporation,New York,100
4904-0000004904-09-000040,"AEP C&I Company, LLC",Delaware,100
4904-0000004904-09-000040,"AEP Coal, Inc.",Nevada,100
4904-0000004904-09-000040,"AEP Communications, Inc.",Ohio,100
4904-0000004904-09-000040,"AEP Credit, Inc.",Delaware,100
4904-0000004904-09-000040,AEP Generating Company,Ohio,100
4904-0000004904-09-000040,"AEP Investments, Inc.",Ohio,100
4904-0000004904-09-000040,AEP Nonutility Funding LLC,Delaware,100
4904-0000004904-09-000040,"AEP Power Marketing, Inc.",Ohio,100
4904-0000004904-09-000040,"AEP Pro Serv, Inc.",Ohio,100
4904-0000004904-09-000040,"AEP Resources, Inc.",Ohio,100
4904-0000004904-09-000040,"AEP T&D Services, LLC",Delaware,100
4904-0000004904-09-000040,"AEP Transmission Holding Company, LLC",Delaware,100
4904-0000004904-09-000040,"AEP Utilities, Inc.",Delaware,100
4904-0000004904-09-000040,AEP Texas Central Company,Texas,100
4904-0000004904-09-000040,AEP Texas Central Transition Funding LLC,Delaware,100
4904-0000004904-09-000040,AEP Texas Central Transition Funding II LLC,Delaware,100
4904-0000004904-09-000040,AEP Texas North Company,Texas,100
4904-0000004904-09-000040,AEP Texas North Generation Company LLC,Delaware,100
4904-0000004904-09-000040,"CSW Energy, Inc.",Texas,100
4904-0000004904-09-000040,"CSW Energy Services, Inc.",Delaware,100
4904-0000004904-09-000040,"CSW International, Inc.",Delaware,100
4904-0000004904-09-000040,"Electric Transmission Texas, LLC",Delaware,50
4904-0000004904-09-000040,AEP Utility Funding LLC,Delaware,100
4904-0000004904-09-000040,Appalachian Power Company,Virginia,98.7
4904-0000004904-09-000040,Cedar Coal Co.,West Virginia,100
4904-0000004904-09-000040,Central Appalachian Coal Company,West Virginia,100
4904-0000004904-09-000040,Central Coal Company,West Virginia,50
4904-0000004904-09-000040,Southern Appalachian Coal Company,West Virginia,100
4904-0000004904-09-000040,Columbus Southern Power Company,Ohio,100
4904-0000004904-09-000040,"Colomet, Inc.",Ohio,100
4904-0000004904-09-000040,Conesville Coal Preparation Company ,Ohio,100
4904-0000004904-09-000040,Ohio Valley Electric Corporation,Ohio,4.3
4904-0000004904-09-000040,Indiana-Kentucky Electric Corporation,Indiana,100
4904-0000004904-09-000040,Franklin Real Estate Company,Pennsylvania,100
4904-0000004904-09-000040,Indiana Michigan Power Company,Indiana,100
4904-0000004904-09-000040,Blackhawk Coal Company,Utah,100
4904-0000004904-09-000040,Price River Coal Company ,Indiana,100
4904-0000004904-09-000040,Kentucky Power Company,Kentucky,100
4904-0000004904-09-000040,Kingsport Power Company,Virginia,100
4904-0000004904-09-000040,Ohio Power Company ,Ohio,99.4
4904-0000004904-09-000040,Cardinal Operating Company,Ohio,50
4904-0000004904-09-000040,Central Coal Company,West Virginia,50
4904-0000004904-09-000040,Ohio Valley Electric Corporation,Ohio,39.2
4904-0000004904-09-000040,Indiana-Kentucky Electric Corporation,Indiana,100
4904-0000004904-09-000040,"Power Tree Carbon Company, LLC",Delaware,9.2
4904-0000004904-09-000040,Public Service Company of Oklahoma,Oklahoma,100
4904-0000004904-09-000040,Southwestern Electric Power Company,Delaware,100
4904-0000004904-09-000040,"Dolet Hills Lignite Company, LLC ",Delaware,100
4904-0000004904-09-000040,Southwestern Arkansas Utilities Corporation,Arkansas,100
4904-0000004904-09-000040,SWEPCo Capital Trust I,Delaware,100
4904-0000004904-09-000040,The Arklahoma Corporation,Arkansas,47.6
4904-0000004904-09-000040,Wheeling Power Company,West Virginia,100
46207-0001104659-13-011461,"Hawaiian Electric Company, Inc.",Hawaii,
46207-0001104659-13-011461,"Maui Electric Company, Limited",Hawaii,
46207-0001104659-13-011461,"Hawaii Electric Light Company, Inc.",Hawaii,
46207-0001104659-13-011461,"Renewable Hawaii, Inc.",Hawaii,
46207-0001104659-13-011461,Uluwehiokama Biofuels Corp.,Hawaii,
46207-0001104659-13-011461,HECO Capital Trust III,Delaware,
46207-0001104659-13-011461,"American Savings Holdings, Inc.",Hawaii,
46207-0001104659-13-011461,"American Savings Bank, F.S.B.",,
46207-0001104659-13-011461,"HEI Properties, Inc.",Hawaii,
46207-0001104659-13-011461,Hawaiian Electric Industries Capital Trust II ,Delaware,
46207-0001104659-13-011461,Hawaiian Electric Industries Capital Trust III,Delaware,
46207-0001104659-13-011461,"The Old Oahu Tug Service, Inc.",Hawaii,
205402-0000950114-99-000043,Graybar Foreign Sales Corporation,Barbados,
205402-0000950114-99-000043,"Graybar International, Inc.",Missouri,
205402-0000950114-99-000043,"Graybar Financial Services, Inc.",Missouri,
205402-0000950114-99-000043,"Graybar Electric de Mexico, S. DE R.L. DE C.V.,",Mexican,
205402-0000950114-99-000043,Graybar Electric Limited,Nova Scotia,
205402-0000950114-99-000043,"Graybar Foundation, Inc",Missouri,
205402-0000950114-99-000043,"Graybar Services, Inc.",Illinois,
205402-0000950114-99-000043,"Distribution Associates, Inc.",Missouri,
205402-0000950114-99-000043,Graybar Electric (Ontario) Limited,Ontario,
205402-0000950114-99-000043,Graybar International PTE LTD,Singaporean,
205402-0000950114-99-000043,"Graybar Business Services, Inc.",Missouri,
205402-0000950114-99-000043,Graybar International de Chile Limitada,Chile,
9342-0000009342-95-000008,"Baldor of Arkansas, Inc.",Arkansas,100
9342-0000009342-95-000008,"Baldor of Nevada, Inc.",Nevada,100
9342-0000009342-95-000008,BEC Business Trust,Massachusetts,100
9342-0000009342-95-000008,"Baldor of Texas, L.P.",Texas,100
9342-0000009342-95-000008,"Baldor International, Inc.",U.S. Virgin Islands,100
9342-0000009342-95-000008,"Carolina Capacitors, Inc.",South Carolina,100
9342-0000009342-95-000008,"Southwestern Die Casting Co., Inc.",Arkansas,100
9342-0000009342-95-000008,"Sweo Controls, Inc.",Washington,100
9342-0000009342-95-000008,"Baldor Holdings, Inc.",Delaware,100
9342-0000009342-95-000008,"Baldor de Mexico, S.A. de C.V.",Mexico,100
9342-0000009342-95-000008,"Baldor ASR, AG",Switzerland,100
9342-0000009342-95-000008,Baldor ASR GmbH fuer Antriebstechnik,Germany,100
9342-0000009342-95-000008,Baldor ASR U.K. Limited,United Kingdom,100
9342-0000009342-95-000008,Australian Baldor Pty. Limited,Australia,60
9342-0000009342-95-000008,Baldor Electric (Far East) PTE. Ltd.,Singapore,60
9342-0000009342-95-000008,Baldor Electric (Thailand) Ltd.,Thailand,100
9342-0000009342-95-000008,Baldor Industrial Automation PTE. Ltd.,Singapore,100
9342-0000009342-95-000008,Baldor Electric (Indonesia) Ltd.,Indonesia,100
9342-0000009342-95-000008,Baldor of Nevada,,
9342-0000009342-95-000008,Baldor Business Trust (LP),,
9342-0000009342-95-000008,Baldor of Arkansas (GP),,
9342-0000009342-95-000008,"Baldor Holdings, Inc.",,
9342-0000009342-95-000008,Baldor Electric (Far East) PTE. Ltd.,,
9534-0000897069-05-000574,Bandag A.G,Switzerland,
9534-0000897069-05-000574,Bandag Canada Ltd.,Canada,
9534-0000897069-05-000574,Bandag Europe N.V,Belgium,
9534-0000897069-05-000574,Bandag Licensing Corporation,Iowa,
9534-0000897069-05-000574,Bandag do Brasil Ltda,Brazil,
9534-0000897069-05-000574,Bandag B.V,Netherlands,
9534-0000897069-05-000574,"Bandag de Mexico, S.A. de C.V",Mexico,
9534-0000897069-05-000574,"Quality Design Systems, Inc",Iowa,
9534-0000897069-05-000574,"Speedco, Inc",Indiana,
9534-0000897069-05-000574,"Tire Distribution Systems, Inc.",Delaware,
9534-0000897069-05-000574,"Tire Management Solutions, Inc.",Iowa,
18647-0001169232-08-000603,Central Hudson Gas & Electric Corporation,New York,
18647-0001169232-08-000603,"Phoenix Development Company, Inc.",New York,
18647-0001169232-08-000603,Central Hudson Enterprises Corporation,New York,
18647-0001169232-08-000603,"Griffith Energy Services, Inc.",New York,
20947-0001031296-06-000044,Ohio Edison Company – Incorporated in Ohio,Ohio,
20947-0001031296-06-000044,The Cleveland Electric Illuminating Company,Ohio,
20947-0001031296-06-000044,The Toledo Edison Company,Ohio,
20947-0001031296-06-000044,Centerior Service Company,Ohio,
20947-0001031296-06-000044,FirstEnergy Properties Company,Ohio,
20947-0001031296-06-000044,FirstEnergy Ventures Corp.,Ohio,
20947-0001031296-06-000044,"FirstEnergy Facilities Services Group, LLC",Ohio,
20947-0001031296-06-000044,FirstEnergy Securities Transfer Company,Ohio,
20947-0001031296-06-000044,FirstEnergy Service Company,Ohio,
20947-0001031296-06-000044,FirstEnergy Solutions Corp.,Ohio,
20947-0001031296-06-000044,MARBEL Energy Corporation,Ohio,
20947-0001031296-06-000044,FirstEnergy Nuclear Operating Company,Ohio,
20947-0001031296-06-000044,FE Acquisition Corp.,Ohio,
20947-0001031296-06-000044,"American Transmission Systems, Inc.",Ohio,
20947-0001031296-06-000044,"FELHC, Inc.",Ohio,
20947-0001031296-06-000044,Jersey Central Power & Light Company,New Jersey,
20947-0001031296-06-000044,Metropolitan Edison Company,Pennsylvania,
20947-0001031296-06-000044,Pennsylvania Electric Company,Pennsylvania,
20947-0001031296-06-000044,"GPU Capital, Inc.",Delaware,
20947-0001031296-06-000044,"GPU Diversified Holdings, LLC",Delaware,
20947-0001031296-06-000044,"GPU Nuclear, Inc.",New Jersey,
20947-0001031296-06-000044,"GPU Power, Inc.",Delaware,
20947-0001031296-06-000044,"FirstEnergy Telecom Services, Inc.",Delaware,
20947-0001031296-06-000044,"MYR Group, Inc.",Delaware,
20947-0001031296-06-000044,FirstEnergy Foundation,Ohio,
20947-0001031296-06-000044,FirstEnergy Nuclear Generation Corp.,Ohio,
34067-0001104659-06-016592,Nobelclad Europe S.A.,"Rivesaltes, France",
34067-0001104659-06-016592,Nitro Metall Aktiebolag,"Likenas, Sweden",
38725-0000038725-17-000042,Bombas Leao SA,Brazil,100
38725-0000038725-17-000042,Cookson & Zinn (PTL) Limited ,United Kingdom,100
38725-0000038725-17-000042,Coverco S.r.l.,Italy,100
38725-0000038725-17-000042,FE Latin America B.V.,Netherlands,100
38725-0000038725-17-000042,FELE C.V.,Netherlands,100
38725-0000038725-17-000042,"Franklin Control Systems, Inc.",Oregon,100
38725-0000038725-17-000042,Franklin Electric (Australia) Pty. Ltd.,Australia,100
38725-0000038725-17-000042,Franklin Electric (Chile) Ltda,Chile,100
38725-0000038725-17-000042,Franklin Electric (SEA) Pty. Ltd.,Singapore,100
38725-0000038725-17-000042,Franklin Electric (South Africa) Pty. Ltd.,South Africa,100
38725-0000038725-17-000042,"Franklin Electric (Suzhou) Co., Ltd.",China,100
38725-0000038725-17-000042,Franklin Electric (Zambia) Ltd.,Zambia,100
38725-0000038725-17-000042,Franklin Electric B.V.,Netherlands,100
38725-0000038725-17-000042,Franklin Electric Botswana Pty. Ltd.,Botswana,100
38725-0000038725-17-000042,"Franklin Electric Canada, Inc.",Canada,100
38725-0000038725-17-000042,Franklin Electric Colombia SAS,Colombia,100
38725-0000038725-17-000042,Franklin Electric Europa GmbH,Germany,100
38725-0000038725-17-000042,Franklin Electric Germany Holding GmbH,Germany,100
38725-0000038725-17-000042,Franklin Electric Holding B.V.,Netherlands,100
38725-0000038725-17-000042,Franklin Electric India Private Ltd.,Indiana,100
38725-0000038725-17-000042,Franklin Electric Industria de Motobombas SA,Brazil,100
38725-0000038725-17-000042,"Franklin Electric International, Inc.",Delaware,100
38725-0000038725-17-000042,Franklin Electric NL BV,Netherlands,100
38725-0000038725-17-000042,Franklin Electric spol s.r.o.,Czech Republic,100
38725-0000038725-17-000042,"Franklin Electric Subsidiaries, LLC",Indiana,100
38725-0000038725-17-000042,"Franklin Electric Trading (Shanghai) Co., Ltd.",China,100
38725-0000038725-17-000042,Franklin Fueling Sistemas de Combustiveis Ltda,Brazil,100
38725-0000038725-17-000042,Franklin Fueling Systems (Beijing) Company Ltd.,China,100
38725-0000038725-17-000042,Franklin Fueling Systems Australia Pty. Ltd.,Australia,100
38725-0000038725-17-000042,Franklin Fueling Systems France SARL,France,100
38725-0000038725-17-000042,Franklin Fueling Systems India Private Ltd.,India,100
38725-0000038725-17-000042,Franklin Fueling Systems Ltd.,United Kingdom,100
38725-0000038725-17-000042,Franklin Fueling Systems GmbH,Germany,100
38725-0000038725-17-000042,"Franklin Fueling Systems, Inc.",Indiana,100
38725-0000038725-17-000042,Impo Motor Pompa Sanayi ve Ticaret A.S.,Turkey,90
38725-0000038725-17-000042,"Intelligent Controls, LLC",Maine,100
38725-0000038725-17-000042,Motores Electricos Sumergibles de Mexico S. de R.L de C.V.,Mexico,100
38725-0000038725-17-000042,Motores Franklin S.A. de C.V.,Mexico,100
38725-0000038725-17-000042,Motori Sommersi Riavvolgibili S.r.l.,Italy,75
38725-0000038725-17-000042,Pioneer Pump Holdings Pty.,Australia,100
38725-0000038725-17-000042,Pioneer Pump Ltd.,United Kingdom,100
38725-0000038725-17-000042,Pioneer Pump Pty. Ltd. ,South Africa,100
38725-0000038725-17-000042,Pioneer Pump Solutions Ltd.,United Kingdom,100
38725-0000038725-17-000042,"Pioneer Pump, Inc.",Texas,100
38725-0000038725-17-000042,Pluga Pumps and Motors Private Limited,India,70
38725-0000038725-17-000042,Servicios de MESMEX S de SRL de CV,Mexico,100
38725-0000038725-17-000042,Franklin Electric S.r.l,Italy,100
38725-0000038725-17-000042,Franklin Wadcorpp India Private Limited,India,65
60549-0001047469-98-012481,Louisville Gas and Electric Company,Kentucky,
60549-0001047469-98-012481,LG&E Capital Corp.,Kentucky,
60549-0001047469-98-012481,LG&E Power Inc.,Delaware,
60549-0001047469-98-012481,LG&E Power Operations Inc.,California,
60549-0001047469-98-012481,LG&E Energy Marketing Inc.,Oklahoma,
60549-0001047469-98-012481,LG&E International Inc.,Delaware,
60549-0001047469-98-012481,Louisville Gas and Electric Company,,
60549-0001047469-98-012481,LG&E Capital Corp.,,
60549-0001047469-98-012481,LG&E Power Inc.,,
60549-0001047469-98-012481,LG&E International Inc.,,
60549-0001047469-98-012481,LG&E Energy Marketing Inc.,,
60549-0001047469-98-012481,LG&E Power Operations ,,
60549-0001047469-98-012481,LG&E Energy Marketing Inc.,,
61986-0000061986-99-000003,"Femco Machine Co., Inc.",Nevada,
61986-0000061986-99-000003,Kolpak Manufacturing Company,Tennessee,
61986-0000061986-99-000003,"Manitex, Inc.",Texas,
61986-0000061986-99-000003,"Manitowoc MEC, Inc.",Nevada,
61986-0000061986-99-000003,"Manitowoc Equipment Works PTE, Ltd.",Singapore,
61986-0000061986-99-000003,"Manitowoc Equipment Works, Inc.",Nevada,
61986-0000061986-99-000003,"Manitowoc Europe Holdings, Ltd.",England,
61986-0000061986-99-000003,Manitowoc Europe Limited,England,
61986-0000061986-99-000003,Manitowoc International Sales Corp. ,Barbados,
61986-0000061986-99-000003,"Manitowoc Korea Company, Ltd.",Korea,
61986-0000061986-99-000003,"Manitowoc Marine Group, Inc",Nevada,
61986-0000061986-99-000003,"Manitowoc Re-Manufacturing, Inc.",Wisconsin,
61986-0000061986-99-000003,"Manitowoc Western Company, Inc.",Wisconsin,
61986-0000061986-99-000003,North Central Crane & Excavator Sales Corp.,Nevada,
61986-0000061986-99-000003,"West Manitowoc, Inc.",Wisconsin,
61986-0000061986-99-000003,"Manitowoc CP, Inc. ",Nevada,
61986-0000061986-99-000003,"Manitowoc FP, Inc.",Nevada,
61986-0000061986-99-000003,"KMT Refrigeration, Inc.",Wisconsin,
61986-0000061986-99-000003,"Manitowoc Foodservice Group, Inc.",Nevada,
61986-0000061986-99-000003,"Manitowoc Crane Group, Inc.",Nevada,
61986-0000061986-99-000003,"Manitowoc Ice, Inc.",Wisconsin,
61986-0000061986-99-000003,"Manitowoc Cranes, Inc.",Wisconsin,
61986-0000061986-99-000003,"SerVend International, Inc.",Nevada,
61986-0000061986-99-000003,"Manitowoc Beverage Systems, Inc. ",Nevada,
61986-0000061986-99-000003,KMT Sales Corporation,Nevada,
61986-0000061986-99-000003,SerVend Sales Corporation,Nevada,
61986-0000061986-99-000003,"USTC, Inc.",Nevada,
71675-0001046861-02-000012,Central Maine Power Company,Maine,
71675-0001046861-02-000012,Connecticut Natural Gas Corporation,Connecticut,
71675-0001046861-02-000012,"Energy East Enterprises, Inc.",Maine,
71675-0001046861-02-000012,Energy East Management Corporation,Delaware,
71675-0001046861-02-000012,"Maine Electric Power Co., Inc.",Maine,
71675-0001046861-02-000012,Maine Natural Gas Corporation,Maine,
71675-0001046861-02-000012,NORVARCO,Maine,
71675-0001046861-02-000012,New York State Electric & Gas Corporation,New York,
71675-0001046861-02-000012,The Berkshire Gas Company,Massachusetts,
71675-0001046861-02-000012,"The Energy Network, Inc.",Delaware,
71675-0001046861-02-000012,The Southern Connecticut Gas Company,Connecticut,
77227-0001031296-09-000008,Edison Company,Ohio,
77227-0001031296-09-000008,The Cleveland Electric Illuminating Company,Ohio,
77227-0001031296-09-000008,The Toledo Edison Company,Ohio,
77227-0001031296-09-000008,"FirstEnergy Properties, Inc.",Ohio,
77227-0001031296-09-000008,FirstEnergy Ventures Corp.,Ohio,
77227-0001031296-09-000008,"FirstEnergy Facilities Services Group, LLC",Ohio,
77227-0001031296-09-000008,FirstEnergy Securities Transfer Company,Ohio,
77227-0001031296-09-000008,FirstEnergy Service Company,Ohio,
77227-0001031296-09-000008,FirstEnergy Solutions Corp.,Ohio,
77227-0001031296-09-000008,MARBEL Energy Corporation,Ohio,
77227-0001031296-09-000008,FirstEnergy Nuclear Operating Company,Ohio,
77227-0001031296-09-000008,"American Transmission Systems, Incorporated",Ohio,
77227-0001031296-09-000008,"FELHC, Inc.",Ohio,
77227-0001031296-09-000008,Jersey Central Power & Light Company,New Jersey,
77227-0001031296-09-000008,Metropolitan Edison Company,Pennsylvania,
77227-0001031296-09-000008,Pennsylvania Electric Company,Pennsylvania,
77227-0001031296-09-000008,"GPU Diversified Holdings, LLC",Delaware,
77227-0001031296-09-000008,"GPU Nuclear, Inc.",New Jersey,
77227-0001031296-09-000008,"GPU Power, Inc.",Delaware,
77227-0001031296-09-000008,FirstEnergy Foundation,Ohio,
77227-0001031296-09-000008,FirstEnergy Fiber Holdings Corp.,Delaware,
78778-0000078778-97-000019,Piper Jaffray Inc.,Delaware,100
78778-0000078778-97-000019,Piper Jaffray International Inc.,Delaware,100
78778-0000078778-97-000019,Piper Capital Management Incorporated,Delaware,100
78778-0000078778-97-000019,Piper Trust Company,Minnesota,100
78778-0000078778-97-000019,Premier Acceptance Corporation,Delaware,100
78778-0000078778-97-000019,Piper Realty Management Incorporated,Delaware,100
78778-0000078778-97-000019,"Piper Jaffray Ventures, Inc. ",Delaware,100
78890-0000078890-14-000004,The Pittston Company,Delaware,
78890-0000078890-14-000004,"Glen Allen Development, Inc.",Delaware,
78890-0000078890-14-000004,"Liberty National Development Company, LLC (32.5%)",Delaware,
78890-0000078890-14-000004,"New Liberty Residential Urban Renewal Company, LLC (17.5%)",New Jersey,
78890-0000078890-14-000004,Pittston Services Group Inc.,Virginia,
78890-0000078890-14-000004,Brink’s Holding Company,Delaware,
78890-0000078890-14-000004,"Brink’s, Incorporated (“BI”)",Delaware,
78890-0000078890-14-000004,"Brink’s Delaware, LLC",Delaware,
78890-0000078890-14-000004,Brink’s Express Company,Illinois,
78890-0000078890-14-000004,"Brink’s Global Payments, LLC",Delaware,
78890-0000078890-14-000004,Brink’s St. Lucia Ltd.,St. Lucia,26
78890-0000078890-14-000004,Security Services (Brink’s Jordan) Company Ltd,Jordan,95
78890-0000078890-14-000004,"Servicio Pan Americano de Protección S.A. de C.V. (“Serpaprosa”) (by Trust, BI is Settlor of Trust)",Mexico,99.75
78890-0000078890-14-000004,"Aeroflash Mensajeria, S.A. de C.V.",Mexico,99.75
78890-0000078890-14-000004,"Inmobiliaria, A.J., S.A. de C.V.",Mexico,99.75
78890-0000078890-14-000004,"Operadora Especializada de Transportes, S.A. de C.V. ",Mexico,99.75
78890-0000078890-14-000004,"Procesos Integrales en Distribución y Logística, S.A. de C.V.",Mexico,99.75
78890-0000078890-14-000004,"Productos Panamericanos de Proteccion, S.A. de C.V.",Mexico,99.75
78890-0000078890-14-000004,"Brink’s Security International, Inc. (“BSI”)",Delaware,
78890-0000078890-14-000004,"Brink’s Brokerage Company, Incorporated",Delaware,
78890-0000078890-14-000004,"Brink’s Cambodia, Inc.",Delaware,
78890-0000078890-14-000004,"Brink’s C.l.S., Inc.",Delaware,
78890-0000078890-14-000004,"Brink’s Global Services International, Inc.",Delaware,
78890-0000078890-14-000004,"Brink’s Global Services KL, Inc.",Delaware,
78890-0000078890-14-000004,"Brink’s Global Services USA, Inc.",Delaware,
78890-0000078890-14-000004,"Brink’s International Management Group, Inc.",Delaware,
78890-0000078890-14-000004,"Brink’s Network, Incorporated",Delaware,
78890-0000078890-14-000004,"Brink’s Vietnam, Incorporated",Delaware,
78890-0000078890-14-000004,"Brink’s Ukraine, Inc.",Delaware,
78890-0000078890-14-000004,Brink’s Asia Pacific Limited,Hong Kong,
78890-0000078890-14-000004,Brink’s Australia Pty Ltd,Australia,
78890-0000078890-14-000004,A.C.N. 081 163 108 Pty Ltd,Australia,
78890-0000078890-14-000004,Brink’s Belgium S.A.,Belgium,
78890-0000078890-14-000004,Cavalier Insurance Company Ltd.,Bermuda,
78890-0000078890-14-000004,Brink’s Global Services FZE,Dubai (UAE),
78890-0000078890-14-000004,Brink’s Diamond Title DMCC,Dubai (UAE),
78890-0000078890-14-000004,Brink’s Gulf LLC (49%),Dubai (UAE),
78890-0000078890-14-000004,Brink’s EMEA SAS,France,
78890-0000078890-14-000004,Brink’s Beteiligungsgesellschaft mbH,Germany,
78890-0000078890-14-000004,Brink’s Global Services Deutschland GmbH,Germany,
78890-0000078890-14-000004,Brink’s Pan European Transport GmbH,Germany,
78890-0000078890-14-000004,Brink’s Sicherheit GmbH,Germany,
78890-0000078890-14-000004,Brink’s Far East Limited,Hong Kong,
78890-0000078890-14-000004,Brink’s Ireland Limited,Ireland,
78890-0000078890-14-000004,Brink’s Security Services Ireland Limited,Ireland,
78890-0000078890-14-000004,Brink’s Holdings Limited,Israel,
78890-0000078890-14-000004,Brink’s (Israel) Limited (70%),Israel,
78890-0000078890-14-000004,Brink’s Diamond & Jewellery Services (International) (1993) Ltd. Brink’s Global Services S.r.L.,Israel,
78890-0000078890-14-000004,Brink’s Global Services S.r.L.,Italy,
78890-0000078890-14-000004,Brink’s Japan Limited,Japan,
78890-0000078890-14-000004,Brink’s Luxembourg S.A.,Luxembourg,
78890-0000078890-14-000004,Brink’s Security Luxembourg S.A.,Luxembourg,
78890-0000078890-14-000004,BK Services S.a.r.l.,Luxembourg,
78890-0000078890-14-000004,Brink’s Global Services S.A. de C.V.,Mexico,
78890-0000078890-14-000004,"Brink’s International, C.V. (“BICV”, BSI is General Partner)",Netherlands,
78890-0000078890-14-000004,Inversiones Brink’s Chile Limitada (BICV is beneficial owner),Chile,
78890-0000078890-14-000004,Inversiones Petra S.A.,Chile,
78890-0000078890-14-000004,"Brink’s Chile, S.A. (BICV is beneficial owner)",Chile,
78890-0000078890-14-000004,Organismo Tecnico de Capacitacion Brink’s SpA,Chile,
78890-0000078890-14-000004,Brink’s de Colombia S.A.,Colombia,58
78890-0000078890-14-000004,Domesa de Colombia S.A.,Colombia,70
78890-0000078890-14-000004,Procesos & Canje S.A.,Colombia,58
78890-0000078890-14-000004,Sistema Integrado Multiple de Pago Electronicos S.A. (“SIMPLE S.A.”),Colombia,14.5
78890-0000078890-14-000004,"Brink’s Canada Holdings, B.V. (BICV is beneficial owner)",Netherlands,
78890-0000078890-14-000004,Brink’s Canada Limited,Canada,
78890-0000078890-14-000004,"Brink’s Security Services, B.V.",Netherlands,
78890-0000078890-14-000004,"Centro Americana de Inversiones Balboa, C.A. (BICV is beneficial owner)",Panama,
78890-0000078890-14-000004,Hermes Transporte Blindados S.A.,Peru,36
78890-0000078890-14-000004,"Brink’s Dutch Holdings, B.V. (BICV is beneficial owner)",Netherlands,
78890-0000078890-14-000004,"Brink’s Hellenic Holdings, B.V. (“BHH”)",Netherlands,
78890-0000078890-14-000004,"Athena Marathon Holdings, B.V. (“AMH”)",Netherlands,
78890-0000078890-14-000004,"Apollo Acropolis Holdings, B.V. (“AAH”)",Netherlands,
78890-0000078890-14-000004,Brink’s Bolivia S.A.,Bolivia,
78890-0000078890-14-000004,"Hermes Delphi Holdings, B.V, (“HDH”)",Netherlands,
78890-0000078890-14-000004,"Zeus Oedipus Holdings, B.V. (“ZOH”)",Netherlands,
78890-0000078890-14-000004,Brink’s Hellas Commercial S.A. – Information Technology Services (“Brink’s Hellas SA”) ,Greece,14.3
78890-0000078890-14-000004,Brink’s Hermes Cash & Valuable Services S.A. (“Brink’s Cash & Valuable Services SA”),Greece,
78890-0000078890-14-000004,Brink's Hellas Guarding & Cash Services Joint VentureAnonymi Etairia,Greece,
78890-0000078890-14-000004,Brink’s Hermes Security Services SA (“Brink’s Security Services S.A.”),Greece,
78890-0000078890-14-000004,Brink’s Hermes Aviation Security Services S.A.,Greece,70
78890-0000078890-14-000004,Hellenic Central Station SA - Reception & Processing Centre of Electronic Signals (“Hellenic Central Station”),Greece,10
78890-0000078890-14-000004,"BHM Human Resources Mexico Holding, S.A. de C.V.",Mexico,
78890-0000078890-14-000004,"Servicios Administrativos Consolidados BM de Mexico, S.A. de C.V.",Mexico,
78890-0000078890-14-000004,"BM Control y Administracion de Personal, S.A. de C.V.",Mexico,
78890-0000078890-14-000004,BHM Human Resources Solutions B.V.,Netherlands,
78890-0000078890-14-000004,Brink’s Argentina S.A.,Argentina,
78890-0000078890-14-000004,Brink’s Seguridad Corporativa S.A.,Argentina,98
78890-0000078890-14-000004,Brink’s India Private Limited,India,
78890-0000078890-14-000004,Brinks Mongolia LLC,Mongolia,51
78890-0000078890-14-000004,Brink’s RUS Holding B.V.,Netherlands,70
78890-0000078890-14-000004,Limited Liability Company Brink’s Management,Russian Federation,70
78890-0000078890-14-000004,Limited Liability Company Brink’s Management,Russian Federation,70
78890-0000078890-14-000004,Non Banking Credit Organization BRINKS,Russian Federation,70
78890-0000078890-14-000004,Servicio Pan Americano de Proteccion C.A.,Venezuela,61
78890-0000078890-14-000004,"Aeropanamericano, C.A.",Venezuela,61
78890-0000078890-14-000004,"Aero Sky Panama, S.A.",Panama,61
78890-0000078890-14-000004,"Artes Graficas Avanzadas 98, C.A.",Venezuela,61
78890-0000078890-14-000004,"Blindados de Zulia Occidente, C.A.",Venezuela,61
78890-0000078890-14-000004,"Blindados de Oriente, S.A.",Venezuela,61
78890-0000078890-14-000004,"Blindados Panamericanos, S.A.",Venezuela,61
78890-0000078890-14-000004,"Blindados Centro Occidente, S.A.",Venezuela,61
78890-0000078890-14-000004,"Documentos Mercantiles, S.A.",Venezuela,61
78890-0000078890-14-000004,"Instituto Panamericano, C.A.",Venezuela,61
78890-0000078890-14-000004,"Intergraficas Panama, S.A.",Panama,61
78890-0000078890-14-000004,"Panamericana de Vigilancia, S.A. ",Venezuela,61
78890-0000078890-14-000004,"Transportes Expresos, C.A. ",Venezuela,61
78890-0000078890-14-000004,Brink’s Panama S.A.,Panama,
78890-0000078890-14-000004,Inmobiliaria Brink’s Panama S.A.,Panama,
78890-0000078890-14-000004,Brink’s Global Services Poland Sp.zo.o.,Poland,
78890-0000078890-14-000004,"Brink’s Puerto Rico, Inc.",Puerto Rico,
78890-0000078890-14-000004,Brink’s International Holdings AG,Switzerland,
78890-0000078890-14-000004,Bolivar Business S.A.,Panama,
78890-0000078890-14-000004,Domesa Courier Corporation,Florida,
78890-0000078890-14-000004,"Panamerican Protective Service Sint Maarten, N.V.",Sint Maarten,
78890-0000078890-14-000004,"Radio Llamadas Panamá, S.A.",Panama,
78890-0000078890-14-000004,"Servicio Panamericano de Protección Curacao, N.V.",Curacao,
78890-0000078890-14-000004,"Domesa Curacao, N.V.",Curacao,
78890-0000078890-14-000004,"Domesa Servicio Pan Americano de Proteccion Brink’s Aruba, N.V.",Aruba,
78890-0000078890-14-000004,,,
78890-0000078890-14-000004,"Servicio Panamericano de Vigilancia Curacao, N.V.",Curacao,
78890-0000078890-14-000004,Brink’s France SAS,France,
78890-0000078890-14-000004,Brink’s (Mauritius) Ltd,Mauritius,
78890-0000078890-14-000004,Brink’s Antilles S.A.R.L.,Guadeloupe,
78890-0000078890-14-000004,Brink’s Contrôle Sécurité Réunion S.A.R.L.,St. Denis,
78890-0000078890-14-000004,Brink’s Évolution S.A.R.L.,France,
78890-0000078890-14-000004,Est Valeurs SAS,France,
78890-0000078890-14-000004,Brink’s Formation S.A.R.L.,France,
78890-0000078890-14-000004,Brink’s Madagascar S.A.,Madagascar,60
78890-0000078890-14-000004,Brink’s Maroc S.A.S.,Morocco,
78890-0000078890-14-000004,Brink’s Qatar L.L.C.,Qatar,49
78890-0000078890-14-000004,Brink’s Réunion S.A.R.L.,St. Denis,
78890-0000078890-14-000004,Brink’s Security Services SAS,France,
78890-0000078890-14-000004,Brink’s Teleservices SAS,France,
78890-0000078890-14-000004,Brink’s Software Services et Solutions SAS,France,
78890-0000078890-14-000004,Cyrasa Servicios de Control SA,Spain,
78890-0000078890-14-000004,Maartenval NV,Sint Maarten,
78890-0000078890-14-000004,Protecval S.A.R.L.,France,
78890-0000078890-14-000004,Security & Risk Management Training Centre Ltd,Mauritius,
78890-0000078890-14-000004,VDH Gold SARL,France,
78890-0000078890-14-000004,Brink’s Global Services Antwerp,Belgium,
78890-0000078890-14-000004,Brink’s Global Holdings B.V.,Netherlands,
78890-0000078890-14-000004,A.G.S. Groep B.V.,Netherlands,
78890-0000078890-14-000004,AGS Freight Watch B.V.,Netherlands,
78890-0000078890-14-000004,Brink’s Kenya Limited,Kenya,
78890-0000078890-14-000004,Brink’s Switzerland Ltd.,Switzerland,
78890-0000078890-14-000004,Brink’s Diamond & Jewelry Services BVBA,Belgium,
78890-0000078890-14-000004,Transpar – Brink’s ATM Ltda.,Brazil,
78890-0000078890-14-000004,BGS – Agenciamento de Carga e Despacho Aduaneiro Ltda.,Brazil,
78890-0000078890-14-000004,Brink’s-Seguranca e Transporte de Valores Ltda.,Brazil,
78890-0000078890-14-000004,BVA-Brink’s Valores Agregados Ltda.,Brazil,
78890-0000078890-14-000004,Brink’s Hong Kong Limited,Hong Kong,
78890-0000078890-14-000004,Brink’s (Shanghai) Finance Equipment Technology Services Co. Ltd.,China,
78890-0000078890-14-000004,Brink’s Diamond (Shanghai) Company Limited,China,
78890-0000078890-14-000004,Brink’s Jewellery Trading (Shanghai) Company Limited,China,
78890-0000078890-14-000004,Brink’s Security Transportation (Shanghai) Company Limited,China,
78890-0000078890-14-000004,Brink’s Global Services Korea Limited – Yunan Hoesa Brink’s Global,Korea,80
78890-0000078890-14-000004,Brink’s Nederland B.V.,Netherlands,
78890-0000078890-14-000004,Brink’s Geldverwerking B.V.,Netherlands,
78890-0000078890-14-000004,Brink’s Regional Services B.V.,Netherlands,
78890-0000078890-14-000004,Brink’s Singapore Pte Ltd,Singapore,
78890-0000078890-14-000004,Brinks (Southern Africa) (Proprietary) Limited,South Africa,
78890-0000078890-14-000004,Brinks Armoured Security Services (Proprietary) Limited,South Africa,
78890-0000078890-14-000004,Brink’s e-Pago Tecnologia Ltda.,Brazil,
78890-0000078890-14-000004,Redetrel – Rede Transacoes Eletronicas Ltda.,Brazil,
78890-0000078890-14-000004,ePago International Inc.,Panama,
78890-0000078890-14-000004,"Corporación ePago de Venezuela, C.A.",Venezuela,
78890-0000078890-14-000004,e-Pago de Colombia S.A. ,Colombia,75
78890-0000078890-14-000004,Brink’s ePago S.A. de C.V.,Mexico,
78890-0000078890-14-000004,Brink’s Global Services (BGS) Botswana (Proprietary) Limited,Botswana,
78890-0000078890-14-000004,Brink’s Macau Limited,Macao,
78890-0000078890-14-000004,Brink’s Taiwan Security Limited,Taiwan,
78890-0000078890-14-000004,Brink’s (Thailand) Limited,Thailand,40
78890-0000078890-14-000004,Brink’s Global Technology Limited,Thailand,
78890-0000078890-14-000004,Brink’s Guvenlik Hizmetleri Anonim Sirketi,Turkey,
78890-0000078890-14-000004,Brink’s (UK) Limited,U.K.,
78890-0000078890-14-000004,Brink’s Limited,U.K.,
78890-0000078890-14-000004,Brink’s (Scotland) Limited,U.K.,
78890-0000078890-14-000004,Brink’s Limited (Bahrain) EC,Bahrain,
78890-0000078890-14-000004,Brink’s Security Limited,U.K.,
78890-0000078890-14-000004,Quarrycast Commercial Limited,U.K.,
78890-0000078890-14-000004,"Brink’s Global Services, Ltd.",U.K.,
78890-0000078890-14-000004,"Tepuy Inmobiliaria VII, C.A.",Venezuela,
78890-0000078890-14-000004,BAX Holding Company,Virginia,
78890-0000078890-14-000004,Brink’s Administrative Services Inc.,Delaware,
78890-0000078890-14-000004,Pittston Minerals Group Inc.,Virginia,
78890-0000078890-14-000004,Pittston Coal Company,Delaware,
78890-0000078890-14-000004,Heartland Coal Company ,Delaware,
78890-0000078890-14-000004,"Maxxim Rebuild Company, Inc.",Delaware,
78890-0000078890-14-000004,"Pittston Forest Products, Inc.",Virginia,
78890-0000078890-14-000004,"Addington, Inc.",Kentucky,
78890-0000078890-14-000004,"Appalachian Mining, Inc.",West Virginia,
78890-0000078890-14-000004,"Molloy Mining, Inc.",West Virginia,
78890-0000078890-14-000004,"Vandalia Resources, Inc.",West Virginia,
78890-0000078890-14-000004,Pittston Coal Management Company,Virginia,
78890-0000078890-14-000004,Pittston Coal Terminal Corporation ,Virginia,
78890-0000078890-14-000004,Pyxis Resources Company,Virginia,
78890-0000078890-14-000004,HICA Corporation,Kentucky,
78890-0000078890-14-000004,"Holston Mining, Inc.",West Virginia,
78890-0000078890-14-000004,Motivation Coal Company,Virginia,
78890-0000078890-14-000004,Paramont Coal Corporation,Delaware,
78890-0000078890-14-000004,"Sheridan-Wyoming Coal Company, Incorporated",Delaware,
78890-0000078890-14-000004,Thames Development Ltd.,Virginia,
78890-0000078890-14-000004,Buffalo Mining Company,West Virginia,
78890-0000078890-14-000004,Clinchfield Coal Company,Virginia,
78890-0000078890-14-000004,Dante Coal Company,Virginia,
78890-0000078890-14-000004,Eastern Coal Corporation,West Virginia,
78890-0000078890-14-000004,Elkay Mining Company,West Virginia,
78890-0000078890-14-000004,Jewell Ridge Coal Corporation,Virginia,
78890-0000078890-14-000004,Kentland-Elkhorn Coal Corporation,Kentucky,
78890-0000078890-14-000004,Meadow River Coal Company,Kentucky,
78890-0000078890-14-000004,"Pittston Coal Group, Inc.",Virginia,
78890-0000078890-14-000004,Ranger Fuel Corporation,West Virginia,
78890-0000078890-14-000004,Sea “B” Mining Company,Virginia,
78890-0000078890-14-000004,Pittston Mineral Ventures Company,Delaware,
78890-0000078890-14-000004,PMV Gold Company,Delaware,
78890-0000078890-14-000004,Pittston Mineral Ventures International Ltd.,Delaware,
78890-0000078890-14-000004,Mineral Ventures of Australia Pty Ltd,Australia,
80812-0000927016-98-004349,"ProvEnergy Investments, Ltd.",Rhode Island,
86521-0000086521-10-000019,Enova Corporation,California,
86521-0000086521-10-000019,Pacific Enterprises,California,
86521-0000086521-10-000019,Pacific Enterprises International,California,
86521-0000086521-10-000019,San Diego Gas & Electric Company,California,
86521-0000086521-10-000019,"Sempra Commodities, Inc.",Delaware,
86521-0000086521-10-000019,Sempra Energy International,California,
86521-0000086521-10-000019,Sempra Energy Holdings III B.V.,Netherlands,
86521-0000086521-10-000019,Sempra Energy Holdings XII B.V.,Netherlands,
86521-0000086521-10-000019,Sempra Energy Holdings X B.V. ,Netherlands,
86521-0000086521-10-000019,Sempra Generation,California,
86521-0000086521-10-000019,Sempra Global,California,
86521-0000086521-10-000019,Southern California Gas Company,California,
92487-0000004904-21-000010,American Electric Power Service Corporation,New York,
92487-0000004904-21-000010,AEP Energy Supply LLC,Delaware,
92487-0000004904-21-000010,"AEP Clean Energy Resources, LLC",Delaware,
92487-0000004904-21-000010,AEP Generation Resources Inc.,Delaware,
92487-0000004904-21-000010,"AEP Renewables, LLC",Delaware,
92487-0000004904-21-000010,AEP Generating Company,Ohio,
92487-0000004904-21-000010,"AEP Transmission Holding Company, LLC",Delaware,
92487-0000004904-21-000010,"AEP Transmission Company, LLC",Delaware,
92487-0000004904-21-000010,"AEP Indiana Michigan Transmission Company, Inc",Indiana,
92487-0000004904-21-000010,"AEP Ohio Transmission Company, Inc",Ohio,
92487-0000004904-21-000010,"AEP Oklahoma Transmission Company, Inc",Oklahoma,
92487-0000004904-21-000010,"AEP West Virginia Transmission Company, Inc",West Virginia,
92487-0000004904-21-000010,AEP Texas Inc.,Delaware,
92487-0000004904-21-000010,AEP Texas Central Transition Funding III LLC,Delaware,
92487-0000004904-21-000010,AEP Texas North Generation Company LLC,Delaware,
92487-0000004904-21-000010,"AEP Texas Restoration Funding, LLC",Delaware,
92487-0000004904-21-000010,Appalachian Power Company,Virginia,
92487-0000004904-21-000010,Appalachian Consumer Rate Relief Funding LLC,Delaware,
92487-0000004904-21-000010,Indiana Michigan Power Company,Indiana,
92487-0000004904-21-000010,Kentucky Power Company,Kentucky,
92487-0000004904-21-000010,Kingsport Power Company,Virginia,
92487-0000004904-21-000010,Ohio Power Company,Ohio,
92487-0000004904-21-000010,Ohio Valley Electric Corporation,Ohio,
92487-0000004904-21-000010,Indiana-Kentucky Electric Corporation,Indiana,
92487-0000004904-21-000010,Public Service Company of Oklahoma,Oklahoma,
92487-0000004904-21-000010,Southwestern Electric Power Company,Delaware,
92487-0000004904-21-000010,Wheeling Power Company,West Virginia,
96271-0001193125-07-042781,Tampa Electric Company,,
96271-0001193125-07-042781,"TECO Diversified, Inc.",,
96271-0001193125-07-042781,TECO Transport Corporation,,
96271-0001193125-07-042781,"TECO Bulk Terminal, L.L.C.",Louisiana,
96271-0001193125-07-042781,"TECO Ocean Shipping, Inc.",,
96271-0001193125-07-042781,"TECO Barge Line, Inc.",,
96271-0001193125-07-042781,"TECO Marine Services, L.L.C.",Louisiana,
96271-0001193125-07-042781,TECO Towing Company,,
96271-0001193125-07-042781,"TECO Global Logistics, LLC (formerly TT-II, LLC)",Delaware,
96271-0001193125-07-042781,TECO Coal Corporation,Kentucky,
96271-0001193125-07-042781,Gatliff Coal Company,Kentucky,
96271-0001193125-07-042781,Bear Branch Coal Company ,Kentucky,
96271-0001193125-07-042781,Rich Mountain Coal Company ,Tennessee,
96271-0001193125-07-042781,Clintwood Elkhorn Mining Company ,Kentucky,
96271-0001193125-07-042781,Pike-Letcher Land Company ,Kentucky,
96271-0001193125-07-042781,Premier Elkhorn Coal Company ,Kentucky,
96271-0001193125-07-042781,Perry County Coal Corporation ,Kentucky,
96271-0001193125-07-042781,"TECO Synfuel Operations, LLC",Delaware,
96271-0001193125-07-042781,"TECO Synfuel Holdings, LLC",Delaware,
96271-0001193125-07-042781,"TECO Wholesale Generation, Inc.",,
96271-0001193125-07-042781,"TWG Merchant, Inc.",,
96271-0001193125-07-042781,"TECO EnergySource, Inc.",,
96271-0001193125-07-042781,"TECO Guatemala, Inc.",,
96271-0001193125-07-042781,"TPS Guatemala One, Inc.",,
96271-0001193125-07-042781,"TECO Guatemala Holdings, LLC",Delaware,
96271-0001193125-07-042781,"TECO Guatemala Services, LTD",Cayman Islands,
96271-0001193125-07-042781,"TPS San Jose International, Inc.",Cayman Islands,
96271-0001193125-07-042781,"TPS San Jose, LDC",Cayman Islands,
96271-0001193125-07-042781,"San Jose Power Holding Company, LTD",Cayman Islands,
96271-0001193125-07-042781,"TPS International Power, Inc.",Cayman Islands,
96271-0001193125-07-042781,"TPS de Ultramar, LTD",Cayman Islands,
96271-0001193125-07-042781,"TPS de Ultramar Guatemala, S.A.",Guatemalan,
99250-0000099250-00-000002,Cardinal Operating Company,Delaware,100
99250-0000099250-00-000002,Cross Bay Operating Company,Delaware,100
99250-0000099250-00-000002,Cumberland Operating Company,Delaware,100
99250-0000099250-00-000002,Independence Operating Company,Delaware,100
99250-0000099250-00-000002,"Marsh Resources, Inc.",Delaware,100
99250-0000099250-00-000002,Pine Needle Operating Company,Delaware,100
99250-0000099250-00-000002,"TGPL Enterprises, Inc.",Delaware,100
99250-0000099250-00-000002,Transco Cross Bay Company,Delaware,100
99250-0000099250-00-000002,TransCardinal Company,Delaware,100
99250-0000099250-00-000002,TransCarolina LNG Company,Delaware,100
99250-0000099250-00-000002,TransCumberland Pipeline Company,Delaware,100
99250-0000099250-00-000002,Transco Independence Pipeline Company ,Delaware,100
99250-0000099250-00-000002,"Delaware WGP Enterprises, Inc",Delaware,100
99250-0000099250-00-000002,"Williams Gas Processing - Gulf Coast Company, L.P.",Delaware,99
100122-0000941138-03-000007,Tucson Electric Power Company (TEP),Arizona,
100122-0000941138-03-000007,San Carlos Resources Inc.,Arizona,
100122-0000941138-03-000007,"Millennium Energy Holdings, Inc. (Millennium)",Arizona,
100122-0000941138-03-000007,"Advanced Energy Technologies, Inc.",Arizona,
100122-0000941138-03-000007,"Global Solar Energy, Inc.",Arizona,
100122-0000941138-03-000007,UniSource Energy Development (UED),Arizona,
103872-0001193125-13-444053,14011 So. Normandie Ave. Realty Corp.,Nevada,
103872-0001193125-13-444053,500 South Douglas Realty Corp.,Delaware,
103872-0001193125-13-444053,Arctern Consulting Private Limited (2),India,
103872-0001193125-13-444053,"Arctern, Inc.",Virginia,
103872-0001193125-13-444053,"Big Rock Solutions, Inc.",Nevada,
103872-0001193125-13-444053,Century Reprographics,California,
103872-0001193125-13-444053,"Choice Workforce Solutions, LLC (3)",Delaware,
103872-0001193125-13-444053,"Continuum, A Volt Information Sciences Company, Inc.",Delaware,
103872-0001193125-13-444053,DataComp Corporation,Pennsylvania,
103872-0001193125-13-444053,"DataServ, Incorporated",Pennsylvania,
103872-0001193125-13-444053,Directories Corporation of America,Delaware,
103872-0001193125-13-444053,"DN Volt of Georgia, Inc.",Georgia,
103872-0001193125-13-444053,"DN Volt, Inc.",Delaware,
103872-0001193125-13-444053,Fidelity National Credit Services Ltd.,California,
103872-0001193125-13-444053,Volt Europe Limited,United Kingdom,
103872-0001193125-13-444053,"Information Management Associates, Inc.",Delaware,
103872-0001193125-13-444053,"Lakyfor, S.A.",Uruguay,
103872-0001193125-13-444053,LSSi Data Corp.,Delaware,
103872-0001193125-13-444053,LSSi Europe Limited,United Kingdom,
103872-0001193125-13-444053,Maintech Europe Limited,United Kingdom,
103872-0001193125-13-444053,"Maintech, Incorporated",Delaware,
103872-0001193125-13-444053,"Momentum, A Volt Information Sciences Company, Inc.",Delaware,
103872-0001193125-13-444053,"Nuco I, Ltd.",Nevada,
103872-0001193125-13-444053,"Nuco II, Ltd.",Delaware,
103872-0001193125-13-444053,"Nuco III Holdings, Ltd.",Delaware,
103872-0001193125-13-444053,"P/S Partner Solutions, Ltd.",Delaware,
103872-0001193125-13-444053,"ProcureStaff Technologies, Ltd.",Delaware,
103872-0001193125-13-444053,Volt Consulting MSP Canada Ltd.,Canada,
103872-0001193125-13-444053,ProcureStaff India Private Limited,India,
103872-0001193125-13-444053,Volt Australia Pty. Limited,Australia,
103872-0001193125-13-444053,"Shaw & Shaw, Inc.",Delaware,
103872-0001193125-13-444053,Sierra Technology Corporation,California,
103872-0001193125-13-444053,"Tainol, S.A.",Uruguay,
103872-0001193125-13-444053,"The Community Phone Book, Inc.",Delaware,
103872-0001193125-13-444053,"VIS Executive Search, Inc.",California,
103872-0001193125-13-444053,"VIS, Inc.",Delaware,
103872-0001193125-13-444053,VMC Consulting Corporation,Delaware,
103872-0001193125-13-444053,VMC Consulting Europe Limited,United Kingdom,
103872-0001193125-13-444053,VMC Consulting Germany GmbH,Germany,
103872-0001193125-13-444053,VMC Services India Private Limited,India,
103872-0001193125-13-444053,Volt Asia Enterprises (Malaysia) Sdn. Bhd. (4),Malaysia,
103872-0001193125-13-444053,Volt Asia Enterprises (Taiwan) Co. Ltd.,Taiwan,
103872-0001193125-13-444053,"Volt Asia Enterprises, Ltd.",Delaware,
103872-0001193125-13-444053,Volt ATRD Corp.,Delaware,
103872-0001193125-13-444053,"Volt Australia, Ltd.",Delaware,
103872-0001193125-13-444053,Volt Autologic S.A.,Uruguay,
103872-0001193125-13-444053,Volt Canada Inc.,Canada,
103872-0001193125-13-444053,"Volt Consulting Group, Ltd.",Delaware,
103872-0001193125-13-444053,"Volt Delta Asia, Inc",Delaware,
103872-0001193125-13-444053,"Volt Delta Canada Holdings, LLC.",Nevada,
103872-0001193125-13-444053,Volt Delta Company,Canada,
103872-0001193125-13-444053,Volt Delta Gmbh,Germany,
103872-0001193125-13-444053,Volt Delta International B.V.,Netherlands,
103872-0001193125-13-444053,Volt Delta International Communications Ltd.,United Kingdom,
103872-0001193125-13-444053,Volt Delta International GmbH,Germany,
103872-0001193125-13-444053,"Volt Delta International Pte, Ltd",Singapore,
103872-0001193125-13-444053,"Volt Delta International, Limited",United Kingdom,
103872-0001193125-13-444053,"Volt Delta Resource Holding, Inc.",Nevada,
103872-0001193125-13-444053,"Volt Delta Resources of Mexico, S. de R.L. de C.V.",Mexico,
103872-0001193125-13-444053,"Volt Delta Resources, Inc.",Delaware,
103872-0001193125-13-444053,"Volt Delta Resources, LLC.",Nevada,
103872-0001193125-13-444053,"Volt Directories S.A., Ltd.",Delaware,
103872-0001193125-13-444053,"Volt Directory Marketing, Ltd. (5)",Delaware,
103872-0001193125-13-444053,Volt Europe (Belgium) SPRL,Belgium,
103872-0001193125-13-444053,Volt Europe (Deutschland) GmbH,Germany,
103872-0001193125-13-444053,Volt Europe (Espana) S.L.,Spain,
103872-0001193125-13-444053,Volt Europe (France) SARL,France,
103872-0001193125-13-444053,Volt Europe (Germany) GmbH,Germany,
103872-0001193125-13-444053,Volt Europe (Nederland) BV,Netherlands,
103872-0001193125-13-444053,Volt Europe (Switzerland) SA,Switzerland,
103872-0001193125-13-444053,Volt Europe Ceska Rebublika s.r.o,Czech Republic,
103872-0001193125-13-444053,Volt Europe Holdings Limited,United Kingdom,
103872-0001193125-13-444053,Volt Europe Slovakia s.r.o.,Slovakia,
103872-0001193125-13-444053,Volt Europe Temporary Services Limited,United Kingdom,
103872-0001193125-13-444053,"Volt Financial Services, Ltd.",Nevada,
103872-0001193125-13-444053,Volt Funding Corp.,Delaware,
103872-0001193125-13-444053,"Volt Gatton Holding, Inc.",Delaware,
103872-0001193125-13-444053,Volt Holding Corp.,Nevada,
103872-0001193125-13-444053,Volt Information Sciences (India) Private Limited (6),India,
103872-0001193125-13-444053,Volt Maintech Limited,Hong Kong,
103872-0001193125-13-444053,"Volt Maintech, LLC",Delaware,
103872-0001193125-13-444053,Volt Management Corp.,Delaware,
103872-0001193125-13-444053,Volt Netherlands Holding BV,Netherlands,
103872-0001193125-13-444053,Volt Opportunity Road Realty Corp.,Delaware,
103872-0001193125-13-444053,Volt Orangeca Real Estate Corp.,Delaware,
103872-0001193125-13-444053,"Volt Publications, Inc.",Delaware,
103872-0001193125-13-444053,"Volt Reach, Inc.",Delaware,
103872-0001193125-13-444053,Volt Real Estate Corporation,Delaware,
103872-0001193125-13-444053,Volt Realty Corp.,Florida,
103872-0001193125-13-444053,"Volt Realty Two, Inc.",Nevada,
103872-0001193125-13-444053,Volt Consulting Group Limited,United Kingdom,
103872-0001193125-13-444053,Volt Road Boring Corp.,Florida,
103872-0001193125-13-444053,"Volt Service Corporation Pte, Ltd.",Singapore,
103872-0001193125-13-444053,Volt Service K.K.,Japan,
103872-0001193125-13-444053,Volt Services Group (Netherlands) B.V.,Netherlands,
103872-0001193125-13-444053,Volt SRS Limited,Delaware,
103872-0001193125-13-444053,"Volt STL Holdings, Inc.",Delaware,
103872-0001193125-13-444053,Volt Technical Corp.,Delaware,
103872-0001193125-13-444053,"Volt Telecommunications Group, Inc.",Delaware,
103872-0001193125-13-444053,"Volt Temporary Services, Inc.",Delaware,
103872-0001193125-13-444053,"Volt Workforce Solutions, Inc.",Delaware,
320575-0001193125-07-117419,PDC MGMT. CO. (formerly SOTEX Exploration Company),Texas,100
320575-0001193125-07-117419,"PDC Investment Corp.,",Delaware,100
320575-0001193125-07-117419,"Pioneer Drilling Services, Ltd. (formerly Pioneer Drilling Co., Ltd.)",Texas,100
320575-0001193125-07-117419,South Texas Drilling Company,Texas,100
